step,rollout_time,horizon,speed,speed_rl,speed_rl_std,speed_human,inflow,outflow,inflow_hourly,outflow_hourly,collisions,collisions_human,fuel,backlog_step,n_total_veh_step,raw_reward_mean,raw_reward_sum,reward_mean,reward_sum,n_veh_step_mean,n_veh_step_sum,n_veh_unique
1.0,14.131932258605957,2000.0,6.4352637438301725,,,6.435263743830171,1164.0,1169.0,4190.4,4208.4,0.0,0.0,2188.729917726268,0.0,77.0015,0.574,1435.0,0.014499474444013123,36.24868611003281,0.0,0.0,0.0
2.0,14.188528776168823,2000.0,6.389692130277255,,,6.389692130277254,1164.0,1160.0,4190.4,4176.0,0.0,0.0,2038.4894752568066,0.0,77.2985,0.572,1430.0,0.00029261703945369797,0.731542598634245,0.0,0.0,0.0
3.0,13.470506429672241,2000.0,6.3508851600901455,,,6.3508851600901455,1164.0,1164.0,4190.4,4190.4,0.0,0.0,2150.323986065889,0.0,78.2365,0.5736,1434.0,0.0008462672302439058,2.1156680756097646,0.0,0.0,0.0
