step,rollout_time,horizon,speed,speed_rl,speed_rl_std,speed_human,inflow,outflow,inflow_hourly,outflow_hourly,collisions,collisions_human,fuel,backlog_step,n_total_veh_step,raw_reward_mean,raw_reward_sum,reward_mean,reward_sum,n_veh_step_mean,n_veh_step_sum,n_veh_unique
1.0,106.80205774307251,2000.0,6.591978203489639,,,6.591978203489639,1296.0,1297.0,4665.6,4669.2,0.0,0.0,1903.1040480012402,80.019,163.7335,0.6428,1607.0,0.00935139770166211,23.378494254155274,0.0,0.0,0.0
2.0,135.05000734329224,2000.0,6.626581556503947,,,6.626581556503948,1294.0,1296.0,4658.4,4665.6,0.0,0.0,1934.1295791834232,80.43,163.5865,0.6448,1612.0,0.0007133480345019262,1.7833700862548156,0.0,0.0,0.0
3.0,92.08144879341125,2000.0,6.659693483534658,,,6.6596934835346575,1290.0,1289.0,4644.0,4640.4,0.0,0.0,1871.1175939217635,82.389,164.8165,0.6412,1603.0,-0.0007660338650999167,-1.9150846627497917,0.0,0.0,0.0
