step,rollout_time,horizon,speed,speed_rl,speed_rl_std,speed_human,inflow,outflow,inflow_hourly,outflow_hourly,collisions,collisions_human,fuel,backlog_step,n_total_veh_step,raw_reward_mean,raw_reward_sum,reward_mean,reward_sum,n_veh_step_mean,n_veh_step_sum,n_veh_unique
1.0,15.03655481338501,2000.0,5.271253645729271,,,5.271253645729271,1123.0,1100.0,4042.8,3960.0,0.0,0.0,1564.724056422763,18.5425,107.774,0.5468,1367.0,0.006230090070838068,15.57522517709517,0.0,0.0,0.0
2.0,14.191426038742065,2000.0,5.386016059740159,,,5.3860160597401565,1114.0,1094.0,4010.4,3938.4,0.0,0.0,1632.2082917791067,23.9705,110.9455,0.546,1365.0,6.317776089491645e-05,0.15794440223729111,0.0,0.0,0.0
3.0,14.1301908493042,2000.0,5.3602056583034425,,,5.3602056583034425,1116.0,1102.0,4017.6,3967.2,0.0,0.0,1746.7613408438538,20.7555,108.414,0.548,1370.0,0.0013508621341453214,3.3771553353633035,0.0,0.0,0.0
