step,rollout_time,horizon,speed,speed_rl,speed_rl_std,speed_human,inflow,outflow,inflow_hourly,outflow_hourly,collisions,collisions_human,fuel,backlog_step,n_total_veh_step,raw_reward_mean,raw_reward_sum,reward_mean,reward_sum,n_veh_step_mean,n_veh_step_sum,n_veh_unique
1.0,15.215157985687256,2000.0,5.013038269683163,,,5.013038269683162,925.0,922.0,3330.0,3319.2,0.0,0.0,1806.276252988076,165.796,243.9805,0.4588,1147.0,0.0059586311425049695,14.896577856262423,0.0,0.0,0.0
2.0,14.108958005905151,2000.0,4.906342626748647,,,4.906342626748646,930.0,919.0,3348.0,3308.4,0.0,0.0,1604.6779188733105,166.233,246.1805,0.4568,1142.0,-0.000412703389678374,-1.031758474195935,0.0,0.0,0.0
3.0,13.60062313079834,2000.0,5.118128714278288,,,5.118128714278289,923.0,924.0,3322.8,3326.4,0.0,0.0,1809.4017377933783,167.4245,244.0085,0.4596,1149.0,0.0017500583470634041,4.37514586765851,0.0,0.0,0.0
