step,rollout_time,horizon,speed,speed_rl,speed_rl_std,speed_human,inflow,outflow,inflow_hourly,outflow_hourly,collisions,collisions_human,fuel,backlog_step,n_total_veh_step,raw_reward_mean,raw_reward_sum,reward_mean,reward_sum,n_veh_step_mean,n_veh_step_sum,n_veh_unique
1.0,12.014119863510132,2000.0,7.319536499868862,,,7.319536499868863,1167.0,1161.0,4201.2,4179.6,0.0,0.0,2132.5222989710833,0.0,67.6045,0.5752,1438.0,0.011766027888631342,29.415069721578355,0.0,0.0,0.0
2.0,11.636142253875732,2000.0,7.587541066668206,,,7.587541066668206,1167.0,1165.0,4201.2,4194.0,0.0,0.0,2253.988166268866,0.0,65.3305,0.578,1445.0,0.0013043599883155671,3.260899970788918,0.0,0.0,0.0
3.0,12.397231817245483,2000.0,7.144643017044606,,,7.144643017044608,1167.0,1178.0,4201.2,4240.8,0.0,0.0,2486.5594226642957,0.0,69.6685,0.5788,1447.0,0.0014357568436085433,3.5893921090213583,0.0,0.0,0.0
