step,rollout_time,horizon,speed,speed_rl,speed_rl_std,speed_human,inflow,outflow,inflow_hourly,outflow_hourly,collisions,collisions_human,fuel,backlog_step,n_total_veh_step,raw_reward_mean,raw_reward_sum,reward_mean,reward_sum,n_veh_step_mean,n_veh_step_sum,n_veh_unique
1.0,17.8611581325531,2000.0,5.716798598009563,,,5.716798598009563,1398.0,1398.0,5032.8,5032.8,0.0,0.0,1930.3165200783824,99.0135,203.1075,0.6892,1723.0,0.014312927388751262,35.782318471878156,0.0,0.0,0.0
2.0,16.59827208518982,2000.0,5.804303221412757,,,5.804303221412757,1400.0,1397.0,5040.0,5029.2,0.0,0.0,1918.388886351274,100.5,203.09699999999998,0.6888,1722.0,0.0005268277389491549,1.3170693473728874,0.0,0.0,0.0
3.0,16.579546213150024,2000.0,5.821798416461917,,,5.821798416461917,1398.0,1397.0,5032.8,5029.2,0.0,0.0,1934.39119001619,96.279,198.40800000000002,0.6916,1729.0,0.0012850447494509893,3.2126118736274734,0.0,0.0,0.0
