step,rollout_time,horizon,speed,speed_rl,speed_rl_std,speed_human,inflow,outflow,inflow_hourly,outflow_hourly,collisions,collisions_human,fuel,backlog_step,n_total_veh_step,raw_reward_mean,raw_reward_sum,reward_mean,reward_sum,n_veh_step_mean,n_veh_step_sum,n_veh_unique
1.0,18.046202898025513,2000.0,6.161540438649651,,,6.161540438649653,1393.0,1395.0,5014.8,5022.0,0.0,0.0,1996.8564005303776,19.2425,115.39699999999999,0.6844,1711.0,0.016418400721144946,41.046001802862364,0.0,0.0,0.0
2.0,15.967034101486206,2000.0,6.1517436117433535,,,6.1517436117433535,1398.0,1398.0,5032.8,5032.8,0.0,0.0,2022.9426591818503,9.506,106.0235,0.6872,1718.0,0.0008511946969812679,2.12798674245317,0.0,0.0,0.0
3.0,19.018818140029907,2000.0,6.162929728850062,,,6.162929728850063,1399.0,1397.0,5036.4,5029.2,0.0,0.0,1983.770410228951,14.661,111.051,0.6856,1714.0,0.0004861760650078118,1.2154401625195295,0.0,0.0,0.0
