step,rollout_time,horizon,speed,speed_rl,speed_rl_std,speed_human,inflow,outflow,inflow_hourly,outflow_hourly,collisions,collisions_human,fuel,backlog_step,n_total_veh_step,raw_reward_mean,raw_reward_sum,reward_mean,reward_sum,n_veh_step_mean,n_veh_step_sum,n_veh_unique
1.0,13.360249280929565,2000.0,4.6237365856127735,,,4.623736585612773,825.0,815.0,2970.0,2934.0,0.0,0.0,1571.9841539097863,247.64,323.155,0.4056,1014.0,0.00635806606938291,15.895165173457274,0.0,0.0,0.0
2.0,12.00465202331543,2000.0,4.7902457494779,,,4.790245749477901,823.0,820.0,2962.8,2952.0,0.0,0.0,1600.0522136107456,244.399,317.2685,0.408,1020.0,0.0012524237839656462,3.1310594599141157,0.0,0.0,0.0
3.0,12.970884084701538,2000.0,4.671561242356234,,,4.671561242356235,821.0,817.0,2955.6,2941.2,0.0,0.0,1672.711753295582,246.5075,321.038,0.4072,1018.0,0.0006535018034418186,1.6337545086045466,0.0,0.0,0.0
