step,rollout_time,horizon,speed,speed_rl,speed_rl_std,speed_human,inflow,outflow,inflow_hourly,outflow_hourly,collisions,collisions_human,fuel,backlog_step,n_total_veh_step,raw_reward_mean,raw_reward_sum,reward_mean,reward_sum,n_veh_step_mean,n_veh_step_sum,n_veh_unique
1.0,104.96665859222412,2000.0,5.586862615169873,,,5.586862615169872,1376.0,1376.0,4953.6,4953.6,0.0,0.0,2050.509652371249,23.206,127.833,0.6752,1688.0,0.0081819077917531,20.454769479382747,0.0,0.0,0.0
2.0,137.2522690296173,2000.0,6.071596485586844,,,6.071596485586844,1386.0,1389.0,4989.6,5000.4,0.0,0.0,2036.7142273515703,20.804,117.988,0.6816,1704.0,0.002425148997992698,6.062872494981745,0.0,0.0,0.0
3.0,154.3121464252472,2000.0,6.103237758005852,,,6.103237758005852,1387.0,1379.0,4993.2,4964.4,0.0,0.0,1896.1777312107172,20.486,116.92200000000001,0.6796,1699.0,0.0007136816501763798,1.7842041254409495,0.0,0.0,0.0
