step,rollout_time,horizon,speed,speed_rl,speed_rl_std,speed_human,inflow,outflow,inflow_hourly,outflow_hourly,collisions,collisions_human,fuel,backlog_step,n_total_veh_step,raw_reward_mean,raw_reward_sum,reward_mean,reward_sum,n_veh_step_mean,n_veh_step_sum,n_veh_unique
1.0,14.714908123016357,2000.0,5.598423938482344,,,5.598423938482343,1108.0,1108.0,3988.8,3988.8,0.0,0.0,1773.5465498940896,118.899,203.106,0.552,1380.0,0.002983029765728944,7.457574414322361,0.0,0.0,0.0
2.0,14.845548629760742,2000.0,5.382213892633027,,,5.382213892633027,1104.0,1104.0,3974.4,3974.4,0.0,0.0,1743.7255757279847,115.1175,202.36450000000002,0.55,1375.0,-0.0010750480071502685,-2.6876200178756715,0.0,0.0,0.0
3.0,14.870582342147827,2000.0,5.195756279843072,,,5.19575627984307,1112.0,1107.0,4003.2,3985.2,0.0,0.0,1697.033861516825,114.425,205.3075,0.5496,1374.0,-0.00047215720148200687,-1.1803930037050172,0.0,0.0,0.0
