step,rollout_time,horizon,speed,speed_rl,speed_rl_std,speed_human,inflow,outflow,inflow_hourly,outflow_hourly,collisions,collisions_human,fuel,backlog_step,n_total_veh_step,raw_reward_mean,raw_reward_sum,reward_mean,reward_sum,n_veh_step_mean,n_veh_step_sum,n_veh_unique
1.0,14.061954975128174,2000.0,7.4436215187167845,,,7.443621518716785,1041.0,1045.0,3747.6,3762.0,0.0,0.0,2132.2194796523795,0.0,59.452,0.5168,1292.0,0.0040578057329194355,10.144514332298588,0.0,0.0,0.0
2.0,11.428457975387573,2000.0,7.461882335245483,,,7.461882335245484,1041.0,1044.0,3747.6,3758.4,0.0,0.0,2102.6958867629414,0.0,59.221,0.5156,1289.0,0.0006004236290008403,1.501059072502101,0.0,0.0,0.0
3.0,12.507062196731567,2000.0,7.551013654152809,,,7.5510136541528095,1041.0,1043.0,3747.6,3754.8,0.0,0.0,2047.5367255794342,0.0,58.5495,0.5164,1291.0,0.0004973506198467666,1.2433765496169165,0.0,0.0,0.0
