step,rollout_time,horizon,speed,speed_rl,speed_rl_std,speed_human,inflow,outflow,inflow_hourly,outflow_hourly,collisions,collisions_human,fuel,backlog_step,n_total_veh_step,raw_reward_mean,raw_reward_sum,reward_mean,reward_sum,n_veh_step_mean,n_veh_step_sum,n_veh_unique
1.0,11.938250541687012,2000.0,6.953970733706648,,,6.95397073370665,1164.0,1159.0,4190.4,4172.4,0.0,0.0,2142.017153254928,0.0,71.0805,0.5744,1436.0,0.010312239964594478,25.780599911486195,0.0,0.0,0.0
2.0,11.580900192260742,2000.0,6.891245325717609,,,6.891245325717609,1164.0,1156.0,4190.4,4161.6,0.0,0.0,2090.39233042497,0.008,71.5775,0.5736,1434.0,0.00039799927567557136,0.9949981891889284,0.0,0.0,0.0
3.0,12.318681240081787,2000.0,7.071603471220427,,,7.071603471220427,1164.0,1164.0,4190.4,4190.4,0.0,0.0,2171.514334524617,0.0,69.936,0.5752,1438.0,0.001023380141269256,2.55845035317314,0.0,0.0,0.0
