step,rollout_time,horizon,speed,speed_rl,speed_rl_std,speed_human,inflow,outflow,inflow_hourly,outflow_hourly,collisions,collisions_human,fuel,backlog_step,n_total_veh_step,raw_reward_mean,raw_reward_sum,reward_mean,reward_sum,n_veh_step_mean,n_veh_step_sum,n_veh_unique
1.0,10.125001907348633,2000.0,8.079868498838373,,,8.079868498838373,1041.0,1046.0,3747.6,3765.6,0.0,0.0,2397.0289702996897,0.0,54.9095,0.5176,1294.0,0.006829808977866011,17.07452244466503,0.0,0.0,0.0
2.0,9.99717664718628,2000.0,8.270096424390768,,,8.270096424390768,1041.0,1042.0,3747.6,3751.2,0.0,0.0,2300.4290748113726,0.0,53.496,0.5172,1293.0,0.0003721155343053999,0.9302888357634997,0.0,0.0,0.0
3.0,10.114918947219849,2000.0,8.141061216986772,,,8.141061216986772,1041.0,1041.0,3747.6,3747.6,0.0,0.0,2248.3927964992263,0.0,54.342,0.5164,1291.0,-0.00021197539600488374,-0.5299384900122094,0.0,0.0,0.0
