step,rollout_time,horizon,speed,speed_rl,speed_rl_std,speed_human,inflow,outflow,inflow_hourly,outflow_hourly,collisions,collisions_human,fuel,backlog_step,n_total_veh_step,raw_reward_mean,raw_reward_sum,reward_mean,reward_sum,n_veh_step_mean,n_veh_step_sum,n_veh_unique
1.0,141.52307653427124,2000.0,8.03880108227084,,,8.038801082270838,1164.0,1164.0,4190.4,4190.4,0.0,0.0,2065.7851747755917,0.0,61.595,0.5788,1447.0,0.006329436277065756,15.82359069266439,0.0,0.0,0.0
2.0,122.45087838172913,2000.0,8.078613020745916,,,8.078613020745914,1164.0,1168.0,4190.4,4204.8,0.0,0.0,2157.9144569195664,0.0,61.35,0.5796,1449.0,0.0005622831554262765,1.405707888565691,0.0,0.0,0.0
3.0,85.34663414955139,2000.0,8.099554619601722,,,8.09955461960172,1164.0,1165.0,4190.4,4194.0,0.0,0.0,2105.389556346067,0.0,61.138,0.58,1450.0,0.0005425400898044866,1.3563502245112167,0.0,0.0,0.0
