step,rollout_time,horizon,speed,speed_rl,speed_rl_std,speed_human,inflow,outflow,inflow_hourly,outflow_hourly,collisions,collisions_human,fuel,backlog_step,n_total_veh_step,raw_reward_mean,raw_reward_sum,reward_mean,reward_sum,n_veh_step_mean,n_veh_step_sum,n_veh_unique
1.0,19.317842721939087,2000.0,3.6389240610207927,,,3.6389240610207922,1219.0,1206.0,4388.4,4341.6,0.0,0.0,1645.4255771712205,103.5165,245.13549999999998,0.594,1485.0,0.009946900688264326,24.867251720660814,0.0,0.0,0.0
2.0,18.826773166656494,2000.0,3.7168581194491104,,,3.716858119449108,1228.0,1214.0,4420.8,4370.4,0.0,0.0,1658.0184510473814,104.4335,244.06,0.5968,1492.0,0.0014798904483146287,3.699726120786572,0.0,0.0,0.0
3.0,23.404162168502808,2000.0,3.728071601410288,,,3.728071601410288,1229.0,1218.0,4424.4,4384.8,0.0,0.0,1695.7427635270608,102.7575,242.019,0.5984,1496.0,0.0014418841753148723,3.6047104382871806,0.0,0.0,0.0
