step,rollout_time,horizon,speed,speed_rl,speed_rl_std,speed_human,inflow,outflow,inflow_hourly,outflow_hourly,collisions,collisions_human,fuel,backlog_step,n_total_veh_step,raw_reward_mean,raw_reward_sum,reward_mean,reward_sum,n_veh_step_mean,n_veh_step_sum,n_veh_unique
1.0,19.903005599975586,2000.0,3.722211400134393,,,3.722211400134392,1232.0,1218.0,4435.2,4384.8,0.0,0.0,1612.4822954100807,94.1515,233.6795,0.5996,1499.0,0.006117523874878668,15.29380968719667,0.0,0.0,0.0
2.0,19.204181909561157,2000.0,3.698379534477719,,,3.6983795344777195,1224.0,1216.0,4406.4,4377.6,0.0,0.0,1681.8356191217986,96.494,236.5615,0.598,1495.0,0.00048450982799445674,1.2112745699861418,0.0,0.0,0.0
3.0,19.050398588180542,2000.0,3.692248549958377,,,3.692248549958376,1228.0,1213.0,4420.8,4366.8,0.0,0.0,1639.8788240527958,98.876,239.385,0.5972,1493.0,0.00021969417606863714,0.5492354401715929,0.0,0.0,0.0
