step,rollout_time,horizon,speed,speed_rl,speed_rl_std,speed_human,inflow,outflow,inflow_hourly,outflow_hourly,collisions,collisions_human,fuel,backlog_step,n_total_veh_step,raw_reward_mean,raw_reward_sum,reward_mean,reward_sum,n_veh_step_mean,n_veh_step_sum,n_veh_unique
1.0,15.873146295547485,2000.0,5.453362177010467,,,5.453362177010467,1021.0,1019.0,3675.6,3668.4,0.0,0.0,1720.0666647638484,189.672,269.3385,0.5068,1267.0,0.008794550441656538,21.986376104141346,0.0,0.0,0.0
2.0,14.618249893188477,2000.0,5.206652015015297,,,5.206652015015296,1028.0,1024.0,3700.8,3686.4,0.0,0.0,1691.853923980444,183.6725,267.4535,0.5088,1272.0,0.0016220548719182886,4.055137179795722,0.0,0.0,0.0
3.0,15.295559883117676,2000.0,5.020045687896834,,,5.020045687896835,1029.0,1023.0,3704.4,3682.8,0.0,0.0,1697.7937496579027,181.969,269.028,0.5084,1271.0,0.0007852346640024738,1.9630866600061845,0.0,0.0,0.0
