step,rollout_time,horizon,speed,speed_rl,speed_rl_std,speed_human,inflow,outflow,inflow_hourly,outflow_hourly,collisions,collisions_human,fuel,backlog_step,n_total_veh_step,raw_reward_mean,raw_reward_sum,reward_mean,reward_sum,n_veh_step_mean,n_veh_step_sum,n_veh_unique
1.0,18.48106813430786,2000.0,4.267761950448924,,,4.267761950448925,1158.0,1147.0,4168.8,4129.2,0.0,0.0,1580.2232419830605,150.707,265.252,0.574,1435.0,0.002973249687125677,7.433124217814193,0.0,0.0,0.0
2.0,18.725076913833618,2000.0,4.068208482927624,,,4.068208482927624,1149.0,1135.0,4136.4,4086.0,0.0,0.0,1644.698696760056,150.3765,269.379,0.5692,1423.0,-0.002541890903693828,-6.354727259234569,0.0,0.0,0.0
3.0,17.90882182121277,2000.0,4.282673337286031,,,4.282673337286029,1157.0,1144.0,4165.2,4118.4,0.0,0.0,1577.436026777611,150.1945,264.079,0.574,1435.0,0.0012902394658002253,3.225598664500563,0.0,0.0,0.0
