step,rollout_time,horizon,speed,speed_rl,speed_rl_std,speed_human,inflow,outflow,inflow_hourly,outflow_hourly,collisions,collisions_human,fuel,backlog_step,n_total_veh_step,raw_reward_mean,raw_reward_sum,reward_mean,reward_sum,n_veh_step_mean,n_veh_step_sum,n_veh_unique
1.0,140.49623799324036,2000.0,6.503016006840748,,,6.503016006840747,1042.0,1045.0,3751.2,3762.0,0.0,0.0,1863.3782713991072,80.464,148.7505,0.5176,1294.0,0.003982559710579367,9.956399276448417,0.0,0.0,0.0
2.0,257.1257507801056,2000.0,6.443930369089417,,,6.443930369089415,1047.0,1048.0,3769.2,3772.8,0.0,0.0,1846.0876052001436,77.8995,147.07150000000001,0.5216,1304.0,0.001151597110295178,2.878992775737945,0.0,0.0,0.0
3.0,259.44292974472046,2000.0,6.3361584822655495,,,6.3361584822655495,1042.0,1045.0,3751.2,3762.0,0.0,0.0,1889.285838045742,79.6995,149.785,0.5184,1296.0,-0.000281336371528672,-0.70334092882168,0.0,0.0,0.0
