step,rollout_time,horizon,speed,speed_rl,speed_rl_std,speed_human,inflow,outflow,inflow_hourly,outflow_hourly,collisions,collisions_human,fuel,backlog_step,n_total_veh_step,raw_reward_mean,raw_reward_sum,reward_mean,reward_sum,n_veh_step_mean,n_veh_step_sum,n_veh_unique
1.0,10.939653873443604,2000.0,8.79713210915897,,,8.797132109158966,1164.0,1163.0,4190.4,4186.8,0.0,0.0,2143.821300586957,0.0,56.325,0.58,1450.0,0.007204179912244008,18.01044978061002,0.0,0.0,0.0
2.0,10.64396858215332,2000.0,8.854132993751689,,,8.854132993751689,1164.0,1172.0,4190.4,4219.2,0.0,0.0,2320.4973729742615,0.0,56.0775,0.5828,1457.0,0.0016380826956023157,4.095206739005789,0.0,0.0,0.0
3.0,10.711363315582275,2000.0,8.83451114780865,,,8.83451114780865,1164.0,1163.0,4190.4,4186.8,0.0,0.0,2152.5967136752965,0.0,56.099,0.5804,1451.0,-0.0003822053904219628,-0.9555134760549071,0.0,0.0,0.0
