step,rollout_time,horizon,speed,speed_rl,speed_rl_std,speed_human,inflow,outflow,inflow_hourly,outflow_hourly,collisions,collisions_human,fuel,backlog_step,n_total_veh_step,raw_reward_mean,raw_reward_sum,reward_mean,reward_sum,n_veh_step_mean,n_veh_step_sum,n_veh_unique
1.0,16.75657629966736,2000.0,4.452591150797461,,,4.452591150797461,1243.0,1212.0,4474.8,4363.2,0.0,0.0,1703.3951737276777,15.2695,131.919,0.6,1500.0,0.005652791381614105,14.131978454035261,0.0,0.0,0.0
2.0,16.289457321166992,2000.0,4.604728496054756,,,4.604728496054755,1246.0,1215.0,4485.6,4374.0,0.0,0.0,1651.9147033137072,15.9305,128.7575,0.6008,1502.0,0.0006235843222704327,1.5589608056760818,0.0,0.0,0.0
3.0,16.37508463859558,2000.0,4.477460900078854,,,4.477460900078854,1238.0,1210.0,4456.8,4356.0,0.0,0.0,1738.8264544656035,18.031,133.9185,0.6004,1501.0,0.00040638772579712956,1.015969314492824,0.0,0.0,0.0
