step,rollout_time,horizon,speed,speed_rl,speed_rl_std,speed_human,inflow,outflow,inflow_hourly,outflow_hourly,collisions,collisions_human,fuel,backlog_step,n_total_veh_step,raw_reward_mean,raw_reward_sum,reward_mean,reward_sum,n_veh_step_mean,n_veh_step_sum,n_veh_unique
1.0,16.73294758796692,2000.0,4.397089391353394,,,4.3970893913533935,1187.0,1146.0,4273.2,4125.6,0.0,0.0,1412.8147577895998,43.068,155.07049999999998,0.5748,1437.0,-0.0014584030818968888,-3.646007704742222,0.0,0.0,0.0
2.0,17.544376134872437,2000.0,4.257526134771943,,,4.257526134771943,1163.0,1137.0,4186.8,4093.2,0.0,0.0,1608.3307917423745,51.1895,165.3705,0.5708,1427.0,-0.0018813912725870999,-4.70347818146775,0.0,0.0,0.0
3.0,16.994866847991943,2000.0,4.425946237850294,,,4.425946237850294,1168.0,1146.0,4204.8,4125.6,0.0,0.0,1621.8567562596756,50.3825,160.726,0.5744,1436.0,0.00047294292263479594,1.18235730658699,0.0,0.0,0.0
