step,rollout_time,horizon,speed,speed_rl,speed_rl_std,speed_human,inflow,outflow,inflow_hourly,outflow_hourly,collisions,collisions_human,fuel,backlog_step,n_total_veh_step,raw_reward_mean,raw_reward_sum,reward_mean,reward_sum,n_veh_step_mean,n_veh_step_sum,n_veh_unique
1.0,15.224000930786133,2000.0,5.34028908954004,,,5.340289089540039,1107.0,1097.0,3985.2,3949.2,0.0,0.0,1711.5239488248799,218.4125,306.2765,0.5484,1371.0,0.0020338944629638405,5.084736157409601,0.0,0.0,0.0
2.0,14.68668508529663,2000.0,5.465998181228774,,,5.465998181228774,1114.0,1102.0,4010.4,3967.2,0.0,0.0,1647.3928755864551,218.4575,304.70000000000005,0.5488,1372.0,0.000725933975707659,1.8148349392691474,0.0,0.0,0.0
3.0,15.44973349571228,2000.0,5.078939939554498,,,5.078939939554498,1113.0,1104.0,4006.8,3974.4,0.0,0.0,1681.0560244959104,215.5195,308.2765,0.5492,1373.0,0.000906219970847959,2.2655499271198973,0.0,0.0,0.0
