step,rollout_time,horizon,speed,speed_rl,speed_rl_std,speed_human,inflow,outflow,inflow_hourly,outflow_hourly,collisions,collisions_human,fuel,backlog_step,n_total_veh_step,raw_reward_mean,raw_reward_sum,reward_mean,reward_sum,n_veh_step_mean,n_veh_step_sum,n_veh_unique
1.0,153.8837857246399,2000.0,7.120912553559493,,,7.120912553559492,1167.0,1163.0,4201.2,4186.8,0.0,0.0,1904.8160935016224,0.0,69.594,0.574,1435.0,0.01023346933539784,25.5836733384946,0.0,0.0,0.0
2.0,165.49948000907898,2000.0,7.062978683463691,,,7.062978683463693,1167.0,1168.0,4201.2,4204.8,0.0,0.0,1988.3936933075909,0.0,70.25,0.576,1440.0,0.0013089319192357417,3.272329798089354,0.0,0.0,0.0
3.0,174.77012372016907,2000.0,6.997415847242439,,,6.997415847242439,1166.0,1164.0,4197.6,4190.4,0.0,0.0,1965.9717771719759,0.7795,71.569,0.5748,1437.0,0.0004347406166503713,1.0868515416259283,0.0,0.0,0.0
