step,rollout_time,horizon,speed,speed_rl,speed_rl_std,speed_human,inflow,outflow,inflow_hourly,outflow_hourly,collisions,collisions_human,fuel,backlog_step,n_total_veh_step,raw_reward_mean,raw_reward_sum,reward_mean,reward_sum,n_veh_step_mean,n_veh_step_sum,n_veh_unique
1.0,223.3200581073761,2000.0,7.817376615643569,,,7.817376615643569,1290.0,1295.0,4644.0,4662.0,0.0,0.0,2156.23011060993,0.0,70.3975,0.64,1600.0,0.011018764585989365,27.546911464973412,0.0,0.0,0.0
2.0,165.0526430606842,2000.0,7.76988805638271,,,7.76988805638271,1290.0,1294.0,4644.0,4658.4,0.0,0.0,2086.1215336105656,0.0,70.754,0.64,1600.0,0.0005047063804053299,1.2617659510133248,0.0,0.0,0.0
3.0,204.3713936805725,2000.0,7.604971164531146,,,7.604971164531146,1290.0,1288.0,4644.0,4636.8,0.0,0.0,2030.8756688685082,0.0,72.1655,0.6388,1597.0,-4.426221713184546e-05,-0.11065554282961365,0.0,0.0,0.0
