step,rollout_time,horizon,speed,speed_rl,speed_rl_std,speed_human,inflow,outflow,inflow_hourly,outflow_hourly,collisions,collisions_human,fuel,backlog_step,n_total_veh_step,raw_reward_mean,raw_reward_sum,reward_mean,reward_sum,n_veh_step_mean,n_veh_step_sum,n_veh_unique
1.0,117.11125159263611,2000.0,7.185652330089036,,,7.185652330089036,1290.0,1291.0,4644.0,4647.6,0.0,0.0,1958.7499541377897,0.0,76.33,0.6372,1593.0,0.00932777534878471,23.319438371961773,0.0,0.0,0.0
2.0,108.0710756778717,2000.0,7.243553184262715,,,7.243553184262715,1290.0,1290.0,4644.0,4644.0,0.0,0.0,1982.093583199246,0.0,75.701,0.6384,1596.0,0.0006226725430661643,1.5566813576654108,0.0,0.0,0.0
3.0,83.15451884269714,2000.0,6.99384686825163,,,6.993846868251628,1288.0,1288.0,4636.8,4636.8,0.0,0.0,2014.709879693509,0.1715,78.4285,0.6364,1591.0,-6.318964824491094e-05,-0.15797412061227734,0.0,0.0,0.0
