step,rollout_time,horizon,speed,speed_rl,speed_rl_std,speed_human,inflow,outflow,inflow_hourly,outflow_hourly,collisions,collisions_human,fuel,backlog_step,n_total_veh_step,raw_reward_mean,raw_reward_sum,reward_mean,reward_sum,n_veh_step_mean,n_veh_step_sum,n_veh_unique
1.0,149.25101161003113,2000.0,8.810937311895074,,,8.810937311895076,1164.0,1169.0,4190.4,4208.4,0.0,0.0,2233.4008075904453,0.0,56.3065,0.5824,1456.0,0.008161958122704172,20.40489530676043,0.0,0.0,0.0
2.0,179.5241150856018,2000.0,8.849837136382108,,,8.849837136382108,1164.0,1170.0,4190.4,4212.0,0.0,0.0,2174.5862703480398,0.0,56.046,0.5812,1453.0,7.228704389444412e-05,0.18071760973611029,0.0,0.0,0.0
3.0,179.04119849205017,2000.0,8.804979799471754,,,8.804979799471754,1164.0,1165.0,4190.4,4194.0,0.0,0.0,2146.8728168519715,0.0,56.2805,0.5816,1454.0,0.00010972747309653314,0.27431868274133286,0.0,0.0,0.0
