step,rollout_time,horizon,speed,speed_rl,speed_rl_std,speed_human,inflow,outflow,inflow_hourly,outflow_hourly,collisions,collisions_human,fuel,backlog_step,n_total_veh_step,raw_reward_mean,raw_reward_sum,reward_mean,reward_sum,n_veh_step_mean,n_veh_step_sum,n_veh_unique
1.0,97.65881562232971,2000.0,6.0003598114865255,,,6.0003598114865255,1390.0,1389.0,5004.0,5000.4,0.0,0.0,1899.903623886947,105.277,203.83100000000002,0.6856,1714.0,0.011331557417829973,28.32889354457493,0.0,0.0,0.0
2.0,168.61643481254578,2000.0,6.012694817409746,,,6.012694817409743,1387.0,1388.0,4993.2,4996.8,0.0,0.0,1922.319759743985,106.837,204.97899999999998,0.6856,1714.0,0.0006562235070821601,1.6405587677054,0.0,0.0,0.0
3.0,129.36334705352783,2000.0,5.693818009744489,,,5.693818009744489,1378.0,1381.0,4960.8,4971.6,0.0,0.0,1969.2069302614666,109.0425,212.139,0.6808,1702.0,-0.000801255413938355,-2.0031385348458874,0.0,0.0,0.0
