step,rollout_time,horizon,speed,speed_rl,speed_rl_std,speed_human,inflow,outflow,inflow_hourly,outflow_hourly,collisions,collisions_human,fuel,backlog_step,n_total_veh_step,raw_reward_mean,raw_reward_sum,reward_mean,reward_sum,n_veh_step_mean,n_veh_step_sum,n_veh_unique
1.0,14.62091588973999,2000.0,5.2847868464272825,,,5.284786846427283,1021.0,1022.0,3675.6,3679.2,0.0,0.0,1726.0903925746225,285.922,368.165,0.5068,1267.0,0.0103901812789092,25.975453197272998,0.0,0.0,0.0
2.0,13.497874975204468,2000.0,5.264721192180519,,,5.26472119218052,1027.0,1024.0,3697.2,3686.4,0.0,0.0,1686.9160352827291,282.2435,365.21999999999997,0.5088,1272.0,0.0011512779313968804,2.878194828492201,0.0,0.0,0.0
3.0,13.585601091384888,2000.0,5.237701493148295,,,5.237701493148294,1021.0,1015.0,3675.6,3654.0,0.0,0.0,1692.2400689514902,287.5915,370.46,0.506,1265.0,-0.0007452311744391384,-1.863077936097846,0.0,0.0,0.0
