step,rollout_time,horizon,speed,speed_rl,speed_rl_std,speed_human,inflow,outflow,inflow_hourly,outflow_hourly,collisions,collisions_human,fuel,backlog_step,n_total_veh_step,raw_reward_mean,raw_reward_sum,reward_mean,reward_sum,n_veh_step_mean,n_veh_step_sum,n_veh_unique
1.0,14.688209056854248,2000.0,5.0369779954111635,,,5.036977995411165,921.0,920.0,3315.6,3312.0,0.0,0.0,1792.2496273001357,266.735,344.505,0.4592,1148.0,0.005114123516091101,12.785308790227752,0.0,0.0,0.0
2.0,13.510798215866089,2000.0,5.137220554976844,,,5.137220554976843,918.0,915.0,3304.8,3294.0,0.0,0.0,1669.0717810066235,271.3095,347.189,0.4552,1138.0,-0.0018466628210310873,-4.616657052577718,0.0,0.0,0.0
3.0,12.733804941177368,2000.0,5.033663677278398,,,5.033663677278397,925.0,922.0,3330.0,3319.2,0.0,0.0,1728.3302508135816,267.7975,345.7285,0.4584,1146.0,0.0014276011696100974,3.569002924025243,0.0,0.0,0.0
