step,rollout_time,horizon,speed,speed_rl,speed_rl_std,speed_human,inflow,outflow,inflow_hourly,outflow_hourly,collisions,collisions_human,fuel,backlog_step,n_total_veh_step,raw_reward_mean,raw_reward_sum,reward_mean,reward_sum,n_veh_step_mean,n_veh_step_sum,n_veh_unique
1.0,178.818217754364,2000.0,7.110168223514786,,,7.110168223514785,1041.0,1038.0,3747.6,3736.8,0.0,0.0,1827.9424907294133,0.0015,62.156,0.512,1280.0,0.010552731225602588,26.38182806400647,0.0,0.0,0.0
2.0,124.7129476070404,2000.0,7.181496083403427,,,7.18149608340343,1040.0,1040.0,3744.0,3744.0,0.0,0.0,1874.8569365049254,0.721,62.3475,0.5124,1281.0,0.0005963906338241962,1.4909765845604905,0.0,0.0,0.0
3.0,108.11502122879028,2000.0,7.1930734808915675,,,7.193073480891566,1040.0,1036.0,3744.0,3729.6,0.0,0.0,1859.1530140169466,0.582,62.006,0.5124,1281.0,0.0003214056546160754,0.8035141365401886,0.0,0.0,0.0
