step,rollout_time,horizon,speed,speed_rl,speed_rl_std,speed_human,inflow,outflow,inflow_hourly,outflow_hourly,collisions,collisions_human,fuel,backlog_step,n_total_veh_step,raw_reward_mean,raw_reward_sum,reward_mean,reward_sum,n_veh_step_mean,n_veh_step_sum,n_veh_unique
1.0,19.169447898864746,2000.0,3.9636564290438345,,,3.963656429043834,1150.0,1132.0,4140.0,4075.2,0.0,0.0,1544.233123664598,251.366,373.052,0.5656,1414.0,0.0054449960710071035,13.61249017751776,0.0,0.0,0.0
2.0,19.612151384353638,2000.0,3.814913258394794,,,3.8149132583947933,1169.0,1136.0,4208.4,4089.6,0.0,0.0,1506.4780870207276,231.677,359.574,0.5724,1431.0,0.001195663521298579,2.9891588032464473,0.0,0.0,0.0
3.0,16.916483402252197,2000.0,4.77339325911463,,,4.77339325911463,1170.0,1159.0,4212.0,4172.4,0.0,0.0,1585.40415363647,249.1385,352.7915,0.5812,1453.0,0.005267364109788322,13.168410274470805,0.0,0.0,0.0
