step,rollout_time,horizon,speed,speed_rl,speed_rl_std,speed_human,inflow,outflow,inflow_hourly,outflow_hourly,collisions,collisions_human,fuel,backlog_step,n_total_veh_step,raw_reward_mean,raw_reward_sum,reward_mean,reward_sum,n_veh_step_mean,n_veh_step_sum,n_veh_unique
1.0,203.53367137908936,2000.0,6.5994305296711975,,,6.5994305296711975,1168.0,1169.0,4204.8,4208.4,0.0,0.0,1894.281754693978,81.242,156.59550000000002,0.5812,1453.0,0.005540051939428906,13.850129848572266,0.0,0.0,0.0
2.0,185.56545758247375,2000.0,6.5282201401230155,,,6.528220140123015,1168.0,1171.0,4204.8,4215.6,0.0,0.0,1955.5434355983941,79.8905,156.097,0.582,1455.0,0.00045268049997528417,1.1317012499382104,0.0,0.0,0.0
3.0,202.07002782821655,2000.0,6.593887756369912,,,6.593887756369911,1171.0,1173.0,4215.6,4222.8,0.0,0.0,1905.7503959754674,82.2325,157.79250000000002,0.5812,1453.0,0.00020620460699485453,0.5155115174871363,0.0,0.0,0.0
