step,rollout_time,horizon,speed,speed_rl,speed_rl_std,speed_human,inflow,outflow,inflow_hourly,outflow_hourly,collisions,collisions_human,fuel,backlog_step,n_total_veh_step,raw_reward_mean,raw_reward_sum,reward_mean,reward_sum,n_veh_step_mean,n_veh_step_sum,n_veh_unique
1.0,18.34209895133972,2000.0,4.688366537650607,,,4.688366537650605,828.0,822.0,2980.8,2959.2,0.0,0.0,1587.5658312905016,142.594,217.47199999999998,0.4084,1021.0,0.008812365936168501,22.030914840421254,0.0,0.0,0.0
2.0,15.247859954833984,2000.0,4.845075244953102,,,4.845075244953101,825.0,821.0,2970.0,2955.6,0.0,0.0,1648.2735613904917,152.0675,224.26999999999998,0.4072,1018.0,0.00022132266517521656,0.5533066629380414,0.0,0.0,0.0
3.0,15.236103773117065,2000.0,4.713039052134089,,,4.713039052134089,827.0,821.0,2977.2,2955.6,0.0,0.0,1644.4059781934848,147.1255,221.6565,0.408,1020.0,0.000651119588643709,1.6277989716092724,0.0,0.0,0.0
