step,rollout_time,horizon,speed,speed_rl,speed_rl_std,speed_human,inflow,outflow,inflow_hourly,outflow_hourly,collisions,collisions_human,fuel,backlog_step,n_total_veh_step,raw_reward_mean,raw_reward_sum,reward_mean,reward_sum,n_veh_step_mean,n_veh_step_sum,n_veh_unique
1.0,20.356032609939575,2000.0,3.614274712953676,,,3.614274712953677,1221.0,1226.0,4395.6,4413.6,0.0,0.0,1673.491509206974,189.904,333.62850000000003,0.602,1505.0,0.01108672436343083,27.716810908577074,0.0,0.0,0.0
2.0,20.706182718276978,2000.0,3.622169439476303,,,3.622169439476304,1220.0,1226.0,4392.0,4413.6,0.0,0.0,1722.5119080154413,190.231,333.731,0.6024,1506.0,0.0009524013879260828,2.381003469815207,0.0,0.0,0.0
3.0,20.38912844657898,2000.0,3.603797016346264,,,3.603797016346265,1222.0,1216.0,4399.2,4377.6,0.0,0.0,1606.58311326351,189.744,333.66700000000003,0.5988,1497.0,-0.0005663331008164281,-1.4158327520410703,0.0,0.0,0.0
