step,rollout_time,horizon,speed,speed_rl,speed_rl_std,speed_human,inflow,outflow,inflow_hourly,outflow_hourly,collisions,collisions_human,fuel,backlog_step,n_total_veh_step,raw_reward_mean,raw_reward_sum,reward_mean,reward_sum,n_veh_step_mean,n_veh_step_sum,n_veh_unique
1.0,14.219540119171143,2000.0,5.373834849215422,,,5.373834849215422,1023.0,1026.0,3682.8,3693.6,0.0,0.0,1800.912689535841,85.5645,166.60899999999998,0.5096,1274.0,0.008163466458890127,20.40866614722532,0.0,0.0,0.0
2.0,14.650806427001953,2000.0,4.976643473413192,,,4.976643473413192,1027.0,1024.0,3697.2,3686.4,0.0,0.0,1732.7422908596157,81.4115,169.2025,0.508,1270.0,0.00017938368693757843,0.4484592173439461,0.0,0.0,0.0
3.0,14.134650230407715,2000.0,5.286753791892614,,,5.286753791892615,1026.0,1020.0,3693.6,3672.0,0.0,0.0,1645.0523988510365,85.4395,167.7525,0.5072,1268.0,-0.0005157685972173897,-1.2894214930434742,0.0,0.0,0.0
