step,rollout_time,horizon,speed,speed_rl,speed_rl_std,speed_human,inflow,outflow,inflow_hourly,outflow_hourly,collisions,collisions_human,fuel,backlog_step,n_total_veh_step,raw_reward_mean,raw_reward_sum,reward_mean,reward_sum,n_veh_step_mean,n_veh_step_sum,n_veh_unique
1.0,16.75022792816162,2000.0,5.942968534103738,,,5.942968534103738,1398.0,1394.0,5032.8,5018.4,0.0,0.0,1892.8925113011842,5.659,105.572,0.686,1715.0,0.016269940059362917,40.674850148407295,0.0,0.0,0.0
2.0,17.90354585647583,2000.0,5.807989094299762,,,5.807989094299761,1396.0,1395.0,5025.6,5022.0,0.0,0.0,1944.207671639161,7.7,109.9205,0.686,1715.0,0.0008382376116901582,2.0955940292253956,0.0,0.0,0.0
3.0,19.60778284072876,2000.0,5.767375806640276,,,5.767375806640275,1391.0,1385.0,5007.6,4986.0,0.0,0.0,1887.5146252975678,11.1545,113.507,0.6824,1706.0,-0.0003634144276738972,-0.9085360691847431,0.0,0.0,0.0
