step,rollout_time,horizon,speed,speed_rl,speed_rl_std,speed_human,inflow,outflow,inflow_hourly,outflow_hourly,collisions,collisions_human,fuel,backlog_step,n_total_veh_step,raw_reward_mean,raw_reward_sum,reward_mean,reward_sum,n_veh_step_mean,n_veh_step_sum,n_veh_unique
1.0,15.368733167648315,2000.0,5.544880887083622,,,5.544880887083622,1106.0,1097.0,3981.6,3949.2,0.0,0.0,1652.151995656652,321.1735,405.77,0.5468,1367.0,0.008689370097672986,21.723425244182465,0.0,0.0,0.0
2.0,13.942004919052124,2000.0,5.480648121577938,,,5.480648121577938,1103.0,1103.0,3970.8,3970.8,0.0,0.0,1787.6623028884596,322.1365,407.76,0.5488,1372.0,0.0012400013645924653,3.1000034114811634,0.0,0.0,0.0
3.0,13.995634317398071,2000.0,5.465550661203636,,,5.465550661203637,1104.0,1099.0,3974.4,3956.4,0.0,0.0,1746.5595476059707,322.319,408.17,0.548,1370.0,0.0004344163883382997,1.0860409708457492,0.0,0.0,0.0
