step,rollout_time,horizon,speed,speed_rl,speed_rl_std,speed_human,inflow,outflow,inflow_hourly,outflow_hourly,collisions,collisions_human,fuel,backlog_step,n_total_veh_step,raw_reward_mean,raw_reward_sum,reward_mean,reward_sum,n_veh_step_mean,n_veh_step_sum,n_veh_unique
1.0,10.054677486419678,2000.0,8.998932889658713,,,8.998932889658713,1041.0,1044.0,3747.6,3758.4,0.0,0.0,2221.8449944808426,0.0,49.2115,0.5196,1299.0,0.0032017001392861074,8.004250348215269,0.0,0.0,0.0
2.0,9.893326044082642,2000.0,9.061411776910901,,,9.061411776910901,1041.0,1044.0,3747.6,3758.4,0.0,0.0,2221.796129426772,0.0,48.8905,0.5192,1298.0,0.00019333754733160812,0.4833438683290203,0.0,0.0,0.0
3.0,10.011667490005493,2000.0,9.058753730296543,,,9.05875373029654,1041.0,1042.0,3747.6,3751.2,0.0,0.0,2264.0533984501308,0.0,48.9415,0.5192,1298.0,0.0002235624043501769,0.5589060108754422,0.0,0.0,0.0
