step,rollout_time,horizon,speed,speed_rl,speed_rl_std,speed_human,inflow,outflow,inflow_hourly,outflow_hourly,collisions,collisions_human,fuel,backlog_step,n_total_veh_step,raw_reward_mean,raw_reward_sum,reward_mean,reward_sum,n_veh_step_mean,n_veh_step_sum,n_veh_unique
1.0,18.927162170410156,2000.0,4.04585764247208,,,4.045857642472078,1250.0,1209.0,4500.0,4352.4,0.0,0.0,1620.422157726254,13.6905,142.24450000000002,0.5972,1493.0,0.012222228643308006,30.555571608270014,0.0,0.0,0.0
2.0,18.547780752182007,2000.0,3.998484706502874,,,3.9984847065028735,1247.0,1214.0,4489.2,4370.4,0.0,0.0,1633.1598628323168,13.521,143.57350000000002,0.596,1490.0,0.0004270101857978446,1.0675254644946115,0.0,0.0,0.0
3.0,18.883321046829224,2000.0,3.9891423268897843,,,3.989142326889784,1242.0,1209.0,4471.2,4352.4,0.0,0.0,1648.6949105120743,16.325,146.1875,0.5948,1487.0,6.054895412424557e-05,0.15137238531061392,0.0,0.0,0.0
