step,rollout_time,horizon,speed,speed_rl,speed_rl_std,speed_human,inflow,outflow,inflow_hourly,outflow_hourly,collisions,collisions_human,fuel,backlog_step,n_total_veh_step,raw_reward_mean,raw_reward_sum,reward_mean,reward_sum,n_veh_step_mean,n_veh_step_sum,n_veh_unique
1.0,7.0120110511779785,2000.0,5.3830953879810615,,,5.3830953879810615,627.0,629.0,2257.2,2264.4,0.0,0.0,2331.703825694262,65.0325,91.8745,0.3112,778.0,0.002404815737991184,6.01203934497796,0.0,0.0,0.0
2.0,6.111011981964111,2000.0,5.314007226998828,,,5.314007226998827,625.0,627.0,2250.0,2257.2,0.0,0.0,2260.9966946007667,65.7045,92.7905,0.3096,774.0,-0.00022027562284742056,-0.5506890571185514,0.0,0.0,0.0
3.0,6.06664514541626,2000.0,5.35711376641897,,,5.357113766418971,626.0,628.0,2253.6,2260.8,0.0,0.0,2341.8220965256855,66.6045,93.52850000000001,0.3096,774.0,-6.005883796128204e-05,-0.1501470949032051,0.0,0.0,0.0
