step,rollout_time,horizon,speed,speed_rl,speed_rl_std,speed_human,inflow,outflow,inflow_hourly,outflow_hourly,collisions,collisions_human,fuel,backlog_step,n_total_veh_step,raw_reward_mean,raw_reward_sum,reward_mean,reward_sum,n_veh_step_mean,n_veh_step_sum,n_veh_unique
1.0,7.581705093383789,2000.0,5.0315936382868625,,,5.0315936382868625,695.0,703.0,2502.0,2530.8,0.0,0.0,2532.5389823362207,39.156,72.44399999999999,0.3476,869.0,0.005274452029939134,13.186130074847835,0.0,0.0,0.0
2.0,6.32220983505249,2000.0,5.024135888770982,,,5.024135888770981,696.0,703.0,2505.6,2530.8,0.0,0.0,2542.814382148601,36.7345,70.1225,0.348,870.0,0.0008504450199808348,2.126112549952087,0.0,0.0,0.0
3.0,6.767506837844849,2000.0,5.098363521377523,,,5.098363521377524,696.0,704.0,2505.6,2534.4,0.0,0.0,2516.5455612114606,38.734,71.6515,0.3472,868.0,0.00019641083688114235,0.4910270922028559,0.0,0.0,0.0
