step,rollout_time,horizon,speed,speed_rl,speed_rl_std,speed_human,inflow,outflow,inflow_hourly,outflow_hourly,collisions,collisions_human,fuel,backlog_step,n_total_veh_step,raw_reward_mean,raw_reward_sum,reward_mean,reward_sum,n_veh_step_mean,n_veh_step_sum,n_veh_unique
1.0,6.979311943054199,2000.0,3.6376666017544887,,,3.6376666017544887,441.0,442.0,1587.6,1591.2,0.0,0.0,1732.6601966773812,96.9035,124.87799999999999,0.2212,553.0,-0.003965206767854258,-9.913016919635647,0.0,0.0,0.0
2.0,5.90213680267334,2000.0,3.6312289074534725,,,3.6312289074534725,439.0,439.0,1580.4,1580.4,0.0,0.0,1616.1376497615604,100.708,128.662,0.2188,547.0,-0.002133862785846777,-5.334656964616942,0.0,0.0,0.0
3.0,6.117933034896851,2000.0,3.622835816201686,,,3.622835816201686,438.0,439.0,1576.8,1580.4,0.0,0.0,1668.6151116992803,98.499,126.5225,0.2192,548.0,-0.0007419950908508389,-1.8549877271270971,0.0,0.0,0.0
