step,rollout_time,horizon,speed,speed_rl,speed_rl_std,speed_human,inflow,outflow,inflow_hourly,outflow_hourly,collisions,collisions_human,fuel,backlog_step,n_total_veh_step,raw_reward_mean,raw_reward_sum,reward_mean,reward_sum,n_veh_step_mean,n_veh_step_sum,n_veh_unique
1.0,6.868932008743286,2000.0,5.181852540271017,,,5.1818525402710165,582.0,582.0,2095.2,2095.2,0.0,0.0,2182.7376529256626,63.6195,88.8465,0.2888,722.0,0.006242867100241836,15.607167750604589,0.0,0.0,0.0
2.0,5.754999160766602,2000.0,5.2348593385638775,,,5.2348593385638775,586.0,587.0,2109.6,2113.2,0.0,0.0,2268.7519783910057,63.0585,88.185,0.2904,726.0,0.0007991634659989136,1.997908664997284,0.0,0.0,0.0
3.0,5.751551151275635,2000.0,5.252247683830071,,,5.252247683830072,588.0,590.0,2116.8,2124.0,0.0,0.0,2271.2773670476004,62.187,87.3305,0.2912,728.0,0.0008000428508902732,2.000107127225683,0.0,0.0,0.0
