step,rollout_time,horizon,speed,speed_rl,speed_rl_std,speed_human,inflow,outflow,inflow_hourly,outflow_hourly,collisions,collisions_human,fuel,backlog_step,n_total_veh_step,raw_reward_mean,raw_reward_sum,reward_mean,reward_sum,n_veh_step_mean,n_veh_step_sum,n_veh_unique
1.0,7.329978942871094,2000.0,5.259793071869558,,,5.2597930718695585,697.0,697.0,2509.2,2509.2,0.0,0.0,2230.6431370863834,8.9015,40.692,0.3444,861.0,0.00877772631455542,21.944315786388547,0.0,0.0,0.0
2.0,6.084443807601929,2000.0,5.297416636460574,,,5.297416636460573,691.0,690.0,2487.6,2484.0,0.0,0.0,2262.4407514875757,14.7345,45.899,0.3428,857.0,-4.995721216212505e-05,-0.12489303040531263,0.0,0.0,0.0
3.0,6.20734167098999,2000.0,5.2238972485129525,,,5.2238972485129525,692.0,694.0,2491.2,2498.4,0.0,0.0,2297.542966053022,13.2325,45.06,0.3428,857.0,6.0008670355265e-05,0.1500216758881625,0.0,0.0,0.0
