step,rollout_time,horizon,speed,speed_rl,speed_rl_std,speed_human,inflow,outflow,inflow_hourly,outflow_hourly,collisions,collisions_human,fuel,backlog_step,n_total_veh_step,raw_reward_mean,raw_reward_sum,reward_mean,reward_sum,n_veh_step_mean,n_veh_step_sum,n_veh_unique
1.0,5.735445976257324,2000.0,4.410211229430169,,,4.410211229430169,387.0,382.0,1393.2,1375.2,0.0,0.0,1661.1734022531855,82.216,104.01599999999999,0.1916,479.0,0.0014294632131999303,3.5736580329998255,0.0,0.0,0.0
2.0,4.6787121295928955,2000.0,4.439276366125605,,,4.439276366125605,388.0,383.0,1396.8,1378.8,0.0,0.0,1590.0904004856973,83.5325,105.2785,0.1916,479.0,9.553244745975515e-05,0.23883111864938789,0.0,0.0,0.0
3.0,4.9207541942596436,2000.0,4.532384162826462,,,4.532384162826463,386.0,386.0,1389.6,1389.6,0.0,0.0,1874.3269817400942,81.6865,102.987,0.1928,482.0,0.0017396475071329075,4.349118767832269,0.0,0.0,0.0
