step,rollout_time,horizon,speed,speed_rl,speed_rl_std,speed_human,inflow,outflow,inflow_hourly,outflow_hourly,collisions,collisions_human,fuel,backlog_step,n_total_veh_step,raw_reward_mean,raw_reward_sum,reward_mean,reward_sum,n_veh_step_mean,n_veh_step_sum,n_veh_unique
1.0,7.23775577545166,2000.0,6.132977994139029,,,6.132977994139029,625.0,627.0,2250.0,2257.2,0.0,0.0,2442.8751780565067,2.0,25.481,0.31,775.0,0.007239324273307582,18.098310683268956,0.0,0.0,0.0
2.0,5.926853179931641,2000.0,5.9489271022793755,,,5.948927102279375,625.0,627.0,2250.0,2257.2,0.0,0.0,2369.202216463372,2.0015,26.195,0.31,775.0,0.0004111968222355416,1.027992055588854,0.0,0.0,0.0
3.0,5.799889087677002,2000.0,6.165480173096345,,,6.165480173096345,625.0,624.0,2250.0,2246.4,0.0,0.0,2133.0488818472622,3.0,26.31,0.3088,772.0,-0.00031866196836632097,-0.7966549209158025,0.0,0.0,0.0
