step,rollout_time,horizon,speed,speed_rl,speed_rl_std,speed_human,inflow,outflow,inflow_hourly,outflow_hourly,collisions,collisions_human,fuel,backlog_step,n_total_veh_step,raw_reward_mean,raw_reward_sum,reward_mean,reward_sum,n_veh_step_mean,n_veh_step_sum,n_veh_unique
1.0,6.494434118270874,2000.0,5.117972935032007,,,5.117972935032009,604.0,602.0,2174.4,2167.2,0.0,0.0,1992.5473414070002,40.5435,67.2855,0.3012,753.0,0.0006729328966651073,1.6823322416627682,0.0,0.0,0.0
2.0,5.348078012466431,2000.0,5.269346967241301,,,5.2693469672413,602.0,603.0,2167.2,2170.8,0.0,0.0,2118.872356330222,41.4585,67.378,0.3012,753.0,0.0006139953896162533,1.5349884740406332,0.0,0.0,0.0
3.0,5.24604606628418,2000.0,5.404144509941323,,,5.4041445099413234,599.0,601.0,2156.4,2163.6,0.0,0.0,2177.380679339079,43.5465,68.711,0.3004,751.0,-0.0008181498665941028,-2.045374666485257,0.0,0.0,0.0
