step,rollout_time,horizon,speed,speed_rl,speed_rl_std,speed_human,inflow,outflow,inflow_hourly,outflow_hourly,collisions,collisions_human,fuel,backlog_step,n_total_veh_step,raw_reward_mean,raw_reward_sum,reward_mean,reward_sum,n_veh_step_mean,n_veh_step_sum,n_veh_unique
1.0,7.16936182975769,2000.0,4.44926098921929,,,4.449260989219289,668.0,654.0,2404.8,2354.4,0.0,0.0,1557.8476322045067,15.361,48.4815,0.3296,824.0,-0.002831788776948927,-7.079471942372318,0.0,0.0,0.0
2.0,6.67542290687561,2000.0,3.710579354127554,,,3.710579354127554,645.0,633.0,2322.0,2278.8,0.0,0.0,1662.3103625376207,24.087,62.593500000000006,0.3208,802.0,-0.007503878397844868,-18.75969599461217,0.0,0.0,0.0
3.0,6.155841112136841,2000.0,4.498433900251555,,,4.4984339002515545,660.0,659.0,2376.0,2372.4,0.0,0.0,1869.9415669838043,22.5335,55.406000000000006,0.3292,823.0,0.003270122162458282,8.175305406145705,0.0,0.0,0.0
