step,rollout_time,horizon,speed,speed_rl,speed_rl_std,speed_human,inflow,outflow,inflow_hourly,outflow_hourly,collisions,collisions_human,fuel,backlog_step,n_total_veh_step,raw_reward_mean,raw_reward_sum,reward_mean,reward_sum,n_veh_step_mean,n_veh_step_sum,n_veh_unique
1.0,8.94047999382019,2000.0,4.82445618981931,,,4.82445618981931,568.0,562.0,2044.8,2023.2,0.0,0.0,1846.438396517248,6.6095,36.3005,0.28,700.0,-0.0014411226166013813,-3.602806541503453,0.0,0.0,0.0
2.0,7.2900378704071045,2000.0,5.031507042631696,,,5.031507042631697,572.0,567.0,2059.2,2041.2,0.0,0.0,1948.1590800403435,4.9385,33.7345,0.2828,707.0,0.0027454430507763165,6.863607626940791,0.0,0.0,0.0
3.0,7.004737138748169,2000.0,4.768538459474015,,,4.768538459474015,566.0,564.0,2037.6,2030.4,0.0,0.0,2103.551396942766,7.5545,37.5715,0.2804,701.0,-0.0005727543698457168,-1.431885924614292,0.0,0.0,0.0
