step,rollout_time,horizon,speed,speed_rl,speed_rl_std,speed_human,inflow,outflow,inflow_hourly,outflow_hourly,collisions,collisions_human,fuel,backlog_step,n_total_veh_step,raw_reward_mean,raw_reward_sum,reward_mean,reward_sum,n_veh_step_mean,n_veh_step_sum,n_veh_unique
1.0,8.515347242355347,2000.0,3.76541805567072,,,3.765418055670721,461.0,460.0,1659.6,1656.0,0.0,0.0,1625.7972868773827,180.887,210.2365,0.23,575.0,0.003105160387716089,7.762900969290222,0.0,0.0,0.0
2.0,7.392718076705933,2000.0,3.761184748020942,,,3.761184748020942,461.0,463.0,1659.6,1666.8,0.0,0.0,1748.8808599568379,179.7045,209.087,0.2312,578.0,0.0014923049527580314,3.7307623818950786,0.0,0.0,0.0
3.0,6.95610499382019,2000.0,3.7630696958212524,,,3.7630696958212524,463.0,462.0,1666.8,1663.2,0.0,0.0,1631.0290244189387,178.0305,207.45049999999998,0.2308,577.0,0.0002751738809959219,0.6879347024898048,0.0,0.0,0.0
