step,rollout_time,horizon,speed,speed_rl,speed_rl_std,speed_human,inflow,outflow,inflow_hourly,outflow_hourly,collisions,collisions_human,fuel,backlog_step,n_total_veh_step,raw_reward_mean,raw_reward_sum,reward_mean,reward_sum,n_veh_step_mean,n_veh_step_sum,n_veh_unique
1.0,5.869884014129639,2000.0,8.02033663158201,,,8.02033663158201,582.0,583.0,2095.2,2098.8,0.0,0.0,2697.902279497951,0.0,17.452,0.2916,729.0,-0.0005279929217782129,-1.3199823044455323,0.0,0.0,0.0
2.0,4.518490791320801,2000.0,7.935268305217724,,,7.935268305217724,582.0,582.0,2095.2,2095.2,0.0,0.0,2572.253273959462,0.0,17.6,0.292,730.0,-8.849782581795882e-05,-0.22124456454489705,0.0,0.0,0.0
3.0,4.6119019985198975,2000.0,8.10908242859503,,,8.10908242859503,582.0,584.0,2095.2,2102.4,0.0,0.0,2711.7774848462504,0.0,17.259,0.2916,729.0,-0.00020821000800457404,-0.5205250200114351,0.0,0.0,0.0
