step,rollout_time,horizon,speed,speed_rl,speed_rl_std,speed_human,inflow,outflow,inflow_hourly,outflow_hourly,collisions,collisions_human,fuel,backlog_step,n_total_veh_step,raw_reward_mean,raw_reward_sum,reward_mean,reward_sum,n_veh_step_mean,n_veh_step_sum,n_veh_unique
1.0,4.967217922210693,2000.0,8.904189700448814,,,8.904189700448814,499.0,498.0,1796.4,1792.8,0.0,0.0,2310.7890313808416,0.0,14.844,0.2496,624.0,-0.0014947056698372005,-3.7367641745930014,0.0,0.0,0.0
2.0,4.137395858764648,2000.0,9.031803804865461,,,9.031803804865461,499.0,500.0,1796.4,1800.0,0.0,0.0,2603.214779692203,0.0,14.654,0.25,625.0,0.0005564740959541181,1.3911852398852953,0.0,0.0,0.0
3.0,3.990555763244629,2000.0,9.095262733171847,,,9.095262733171847,499.0,500.0,1796.4,1800.0,0.0,0.0,2443.4235750651737,0.0,14.5475,0.25,625.0,4.698008382418326e-05,0.11745020956045815,0.0,0.0,0.0
