step,rollout_time,horizon,speed,speed_rl,speed_rl_std,speed_human,inflow,outflow,inflow_hourly,outflow_hourly,collisions,collisions_human,fuel,backlog_step,n_total_veh_step,raw_reward_mean,raw_reward_sum,reward_mean,reward_sum,n_veh_step_mean,n_veh_step_sum,n_veh_unique
1.0,6.160318851470947,2000.0,7.663220341258137,,,7.663220341258137,625.0,628.0,2250.0,2260.8,0.0,0.0,3068.180150268432,0.0,18.796,0.3136,784.0,0.0031442814685598104,7.860703671399526,0.0,0.0,0.0
2.0,5.80031418800354,2000.0,7.597170077876024,,,7.597170077876024,625.0,625.0,2250.0,2250.0,0.0,0.0,2734.975684264919,0.0,18.9145,0.3128,782.0,-0.0005555541856848712,-1.388885464212178,0.0,0.0,0.0
3.0,5.222207069396973,2000.0,7.700745497877192,,,7.700745497877194,625.0,623.0,2250.0,2242.8,0.0,0.0,2545.2285092419133,0.0,18.636,0.3124,781.0,-0.000775790057731508,-1.93947514432877,0.0,0.0,0.0
