step,rollout_time,horizon,speed,speed_rl,speed_rl_std,speed_human,inflow,outflow,inflow_hourly,outflow_hourly,collisions,collisions_human,fuel,backlog_step,n_total_veh_step,raw_reward_mean,raw_reward_sum,reward_mean,reward_sum,n_veh_step_mean,n_veh_step_sum,n_veh_unique
1.0,7.194896936416626,2000.0,7.200169846981305,,,7.200169846981305,707.0,711.0,2545.2,2559.6,0.0,0.0,2856.229449148852,2.0,24.2885,0.3548,887.0,0.004741172927784752,11.85293231946188,0.0,0.0,0.0
2.0,6.112756967544556,2000.0,7.139546289903916,,,7.139546289903919,707.0,710.0,2545.2,2556.0,0.0,0.0,2606.655092604098,2.0,24.4855,0.354,885.0,-0.00019605936984966866,-0.49014842462417163,0.0,0.0,0.0
3.0,6.29434609413147,2000.0,7.089241664070422,,,7.089241664070424,707.0,712.0,2545.2,2563.2,0.0,0.0,2875.151341427429,2.0,24.6515,0.3552,888.0,0.0005500352079505521,1.3750880198763804,0.0,0.0,0.0
