step,rollout_time,horizon,speed,speed_rl,speed_rl_std,speed_human,inflow,outflow,inflow_hourly,outflow_hourly,collisions,collisions_human,fuel,backlog_step,n_total_veh_step,raw_reward_mean,raw_reward_sum,reward_mean,reward_sum,n_veh_step_mean,n_veh_step_sum,n_veh_unique
1.0,8.15763783454895,2000.0,3.8055019901206077,,,3.8055019901206077,465.0,465.0,1674.0,1674.0,0.0,0.0,1689.7355986392165,112.4725,141.712,0.2316,579.0,0.0031538258624084314,7.8845646560210785,0.0,0.0,0.0
2.0,5.96274471282959,2000.0,3.785487428131579,,,3.785487428131579,463.0,463.0,1666.8,1666.8,0.0,0.0,1682.0612551563563,109.732,139.011,0.2324,581.0,0.0001978437036602088,0.494609259150522,0.0,0.0,0.0
3.0,5.937086820602417,2000.0,3.8020933220283917,,,3.8020933220283912,466.0,465.0,1677.6,1674.0,0.0,0.0,1685.372631652013,109.5105,138.7775,0.2324,581.0,0.0003402669987487371,0.8506674968718428,0.0,0.0,0.0
