step,rollout_time,horizon,speed,speed_rl,speed_rl_std,speed_human,inflow,outflow,inflow_hourly,outflow_hourly,collisions,collisions_human,fuel,backlog_step,n_total_veh_step,raw_reward_mean,raw_reward_sum,reward_mean,reward_sum,n_veh_step_mean,n_veh_step_sum,n_veh_unique
1.0,6.406959056854248,2000.0,5.3590272308341245,,,5.359027230834123,602.0,605.0,2167.2,2178.0,0.0,0.0,2210.573425774084,74.9245,100.4375,0.3016,754.0,6.571661019930896e-05,0.16429152549827242,0.0,0.0,0.0
2.0,5.26324200630188,2000.0,5.412256631644542,,,5.412256631644541,602.0,603.0,2167.2,2170.8,0.0,0.0,2092.1095687305747,77.1565,102.3945,0.3,750.0,-0.0010491314958115429,-2.622828739528857,0.0,0.0,0.0
3.0,5.4429848194122314,2000.0,5.051996936026916,,,5.051996936026916,602.0,599.0,2167.2,2156.4,0.0,0.0,1929.1708046863516,76.4745,103.40450000000001,0.2988,747.0,-0.0022178141364258427,-5.5445353410646065,0.0,0.0,0.0
