step,rollout_time,horizon,speed,speed_rl,speed_rl_std,speed_human,inflow,outflow,inflow_hourly,outflow_hourly,collisions,collisions_human,fuel,backlog_step,n_total_veh_step,raw_reward_mean,raw_reward_sum,reward_mean,reward_sum,n_veh_step_mean,n_veh_step_sum,n_veh_unique
1.0,6.4329798221588135,2000.0,5.080994663467379,,,5.080994663467379,536.0,539.0,1929.6,1940.4,0.0,0.0,2173.795478765205,60.51,85.221,0.2688,672.0,0.0020615609832237945,5.153902458059487,0.0,0.0,0.0
2.0,5.221321105957031,2000.0,5.160910991890067,,,5.160910991890067,534.0,537.0,1922.4,1933.2,0.0,0.0,2146.0137145910526,61.761,85.968,0.2684,671.0,-0.0003807611426861461,-0.9519028567153653,0.0,0.0,0.0
3.0,5.354640245437622,2000.0,4.842049229967258,,,4.842049229967258,537.0,537.0,1933.2,1933.2,0.0,0.0,1879.8866778419522,59.364,85.275,0.2684,671.0,-0.0003962819524290848,-0.9907048810727119,0.0,0.0,0.0
