step,rollout_time,horizon,speed,speed_rl,speed_rl_std,speed_human,inflow,outflow,inflow_hourly,outflow_hourly,collisions,collisions_human,fuel,backlog_step,n_total_veh_step,raw_reward_mean,raw_reward_sum,reward_mean,reward_sum,n_veh_step_mean,n_veh_step_sum,n_veh_unique
1.0,6.185477018356323,2000.0,7.739992350548982,,,7.739992350548984,499.0,501.0,1796.4,1803.6,0.0,0.0,2355.3386304899477,0.0,17.0715,0.2488,622.0,0.0025328004799536298,6.332001199884075,0.0,0.0,0.0
2.0,5.081457138061523,2000.0,7.773848084631851,,,7.773848084631851,499.0,501.0,1796.4,1803.6,0.0,0.0,2514.230230235874,0.0,17.0335,0.2492,623.0,0.0005510529098113984,1.3776322745284961,0.0,0.0,0.0
3.0,5.000504016876221,2000.0,7.773676341415464,,,7.773676341415462,499.0,503.0,1796.4,1810.8,0.0,0.0,2511.7994278241713,0.0,17.0525,0.2492,623.0,0.00036681745060729884,0.9170436265182471,0.0,0.0,0.0
