step,rollout_time,horizon,speed,speed_rl,speed_rl_std,speed_human,inflow,outflow,inflow_hourly,outflow_hourly,collisions,collisions_human,fuel,backlog_step,n_total_veh_step,raw_reward_mean,raw_reward_sum,reward_mean,reward_sum,n_veh_step_mean,n_veh_step_sum,n_veh_unique
1.0,5.778936862945557,2000.0,8.711996746186765,,,8.711996746186765,458.0,458.0,1648.8,1648.8,0.0,0.0,2613.5481360809717,0.0,13.669,0.2288,572.0,0.0015717855659113894,3.9294639147784736,0.0,0.0,0.0
2.0,4.711758852005005,2000.0,8.806620011333333,,,8.806620011333331,458.0,458.0,1648.8,1648.8,0.0,0.0,2606.4408522347117,0.0,13.503,0.2288,572.0,-7.900105169702005e-05,-0.19750262924255013,0.0,0.0,0.0
3.0,4.850313425064087,2000.0,8.727992182215552,,,8.727992182215552,458.0,456.0,1648.8,1641.6,0.0,0.0,2596.827379929309,0.0,13.654,0.2288,572.0,-2.1054612539736617e-05,-0.05263653134934154,0.0,0.0,0.0
