step,rollout_time,horizon,speed,speed_rl,speed_rl_std,speed_human,inflow,outflow,inflow_hourly,outflow_hourly,collisions,collisions_human,fuel,backlog_step,n_total_veh_step,raw_reward_mean,raw_reward_sum,reward_mean,reward_sum,n_veh_step_mean,n_veh_step_sum,n_veh_unique
1.0,7.310770034790039,2000.0,5.271763413878769,,,5.2717634138787695,742.0,743.0,2671.2,2674.8,0.0,0.0,2349.8467143553553,7.488,39.951,0.3684,921.0,0.005389623477078631,13.474058692696577,0.0,0.0,0.0
2.0,6.114509105682373,2000.0,5.4899183550602535,,,5.489918355060253,741.0,745.0,2667.6,2682.0,0.0,0.0,2433.9310229866746,8.0625,39.2635,0.3692,923.0,0.0010389709644354128,2.597427411088532,0.0,0.0,0.0
3.0,6.059311866760254,2000.0,5.522161852744665,,,5.522161852744665,742.0,746.0,2671.2,2685.6,0.0,0.0,2523.5046120383404,6.488,37.5615,0.3696,924.0,0.0008866157047992371,2.2165392619980926,0.0,0.0,0.0
