step,rollout_time,horizon,speed,speed_rl,speed_rl_std,speed_human,inflow,outflow,inflow_hourly,outflow_hourly,collisions,collisions_human,fuel,backlog_step,n_total_veh_step,raw_reward_mean,raw_reward_sum,reward_mean,reward_sum,n_veh_step_mean,n_veh_step_sum,n_veh_unique
1.0,7.899294853210449,2000.0,4.104723369738997,,,4.1047233697389975,508.0,502.0,1828.8,1807.2,0.0,0.0,1697.3774581438026,15.043,46.2735,0.2512,628.0,0.0003525362056087516,0.8813405140218791,0.0,0.0,0.0
2.0,6.949133634567261,2000.0,4.080859514469976,,,4.080859514469976,507.0,500.0,1825.2,1800.0,0.0,0.0,1691.0476636985707,13.7975,45.104,0.2508,627.0,-0.0008296244761140838,-2.0740611902852093,0.0,0.0,0.0
3.0,7.188102960586548,2000.0,4.04625383940255,,,4.04625383940255,505.0,500.0,1818.0,1800.0,0.0,0.0,1630.4666112388395,16.5975,48.1135,0.25,625.0,-0.0012651725768756128,-3.162931442189032,0.0,0.0,0.0
