step,rollout_time,horizon,speed,speed_rl,speed_rl_std,speed_human,inflow,outflow,inflow_hourly,outflow_hourly,collisions,collisions_human,fuel,backlog_step,n_total_veh_step,raw_reward_mean,raw_reward_sum,reward_mean,reward_sum,n_veh_step_mean,n_veh_step_sum,n_veh_unique
1.0,5.077613115310669,2000.0,9.138344265107497,,,9.138344265107497,583.0,583.0,2098.8,2098.8,0.0,0.0,2971.3821678969825,0.0,14.3045,0.292,730.0,-9.192829969832026e-05,-0.22982074924580065,0.0,0.0,0.0
2.0,3.9722740650177,2000.0,9.134374741773648,,,9.134374741773646,583.0,582.0,2098.8,2095.2,0.0,0.0,2733.551689285322,0.0,14.299,0.2916,729.0,-0.0005232179470668418,-1.3080448676671046,0.0,0.0,0.0
3.0,4.151723623275757,2000.0,9.092347598088205,,,9.092347598088207,583.0,583.0,2098.8,2098.8,0.0,0.0,2553.645660014971,0.0,14.3755,0.2908,727.0,-0.0012986956915631176,-3.2467392289077943,0.0,0.0,0.0
