step,rollout_time,horizon,speed,speed_rl,speed_rl_std,speed_human,inflow,outflow,inflow_hourly,outflow_hourly,collisions,collisions_human,fuel,backlog_step,n_total_veh_step,raw_reward_mean,raw_reward_sum,reward_mean,reward_sum,n_veh_step_mean,n_veh_step_sum,n_veh_unique
1.0,7.62257981300354,2000.0,3.966066127734017,,,3.9660661277340177,491.0,493.0,1767.6,1774.8,0.0,0.0,1714.270068331772,55.945,86.5545,0.2452,613.0,0.005418437455210184,13.546093638025459,0.0,0.0,0.0
2.0,6.00455117225647,2000.0,3.969437143072551,,,3.969437143072551,490.0,491.0,1764.0,1767.6,0.0,0.0,1709.5321363645658,56.868,87.38,0.2456,614.0,0.00021195364514275426,0.5298841128568856,0.0,0.0,0.0
3.0,6.452404022216797,2000.0,3.9448461458709687,,,3.9448461458709687,488.0,490.0,1756.8,1764.0,0.0,0.0,1721.8019806887753,57.49,88.1635,0.2448,612.0,-0.000613945800755143,-1.5348645018878575,0.0,0.0,0.0
