step,rollout_time,horizon,speed,speed_rl,speed_rl_std,speed_human,inflow,outflow,inflow_hourly,outflow_hourly,collisions,collisions_human,fuel,backlog_step,n_total_veh_step,raw_reward_mean,raw_reward_sum,reward_mean,reward_sum,n_veh_step_mean,n_veh_step_sum,n_veh_unique
1.0,6.313008069992065,2000.0,7.980857029082923,,,7.980857029082923,665.0,670.0,2394.0,2412.0,0.0,0.0,2761.314467532305,0.0,18.495,0.3348,837.0,0.0016077243158598047,4.019310789649512,0.0,0.0,0.0
2.0,5.192806959152222,2000.0,8.01743570083607,,,8.01743570083607,665.0,671.0,2394.0,2415.6,0.0,0.0,2919.203893331638,0.0,18.4035,0.3356,839.0,0.00010600431944730655,0.2650107986182664,0.0,0.0,0.0
3.0,5.182690858840942,2000.0,8.04081909033613,,,8.04081909033613,665.0,670.0,2394.0,2412.0,0.0,0.0,2943.32259480507,0.0,18.343,0.336,840.0,0.00025180405762740426,0.6295101440685107,0.0,0.0,0.0
