step,rollout_time,horizon,speed,speed_rl,speed_rl_std,speed_human,inflow,outflow,inflow_hourly,outflow_hourly,collisions,collisions_human,fuel,backlog_step,n_total_veh_step,raw_reward_mean,raw_reward_sum,reward_mean,reward_sum,n_veh_step_mean,n_veh_step_sum,n_veh_unique
1.0,6.141611814498901,2000.0,5.235156128098979,,,5.235156128098979,535.0,537.0,1926.0,1933.2,0.0,0.0,2044.2117975520732,27.1595,51.088499999999996,0.2684,671.0,0.0009493885738582199,2.3734714346455497,0.0,0.0,0.0
2.0,4.944055080413818,2000.0,5.28518240788854,,,5.2851824078885405,536.0,537.0,1929.6,1933.2,0.0,0.0,2041.8931549660547,27.7875,51.545,0.2684,671.0,9.845084712678301e-05,0.2461271178169575,0.0,0.0,0.0
3.0,5.0351948738098145,2000.0,5.224354160771373,,,5.224354160771372,537.0,537.0,1933.2,1933.2,0.0,0.0,1972.1141723988615,28.6805,52.727000000000004,0.2676,669.0,-0.0006848540156335252,-1.712135039083813,0.0,0.0,0.0
