step,rollout_time,horizon,speed,speed_rl,speed_rl_std,speed_human,inflow,outflow,inflow_hourly,outflow_hourly,collisions,collisions_human,fuel,backlog_step,n_total_veh_step,raw_reward_mean,raw_reward_sum,reward_mean,reward_sum,n_veh_step_mean,n_veh_step_sum,n_veh_unique
1.0,7.0815839767456055,2000.0,8.739041090324719,,,8.739041090324717,583.0,583.0,2098.8,2098.8,0.0,0.0,3022.120488758253,0.0,14.9535,0.2928,732.0,-0.0005115863803569131,-1.2789659508922828,0.0,0.0,0.0
2.0,6.398997068405151,2000.0,8.831958231620137,,,8.831958231620137,583.0,583.0,2098.8,2098.8,0.0,0.0,2587.474699139472,0.0,14.793,0.2924,731.0,-0.0009813472190340433,-2.453368047585108,0.0,0.0,0.0
3.0,6.277525901794434,2000.0,8.84500935156253,,,8.84500935156253,583.0,584.0,2098.8,2102.4,0.0,0.0,2977.608800590152,0.0,14.779,0.2928,732.0,-2.8965384982707932e-05,-0.07241346245676983,0.0,0.0,0.0
