step,rollout_time,horizon,speed,speed_rl,speed_rl_std,speed_human,inflow,outflow,inflow_hourly,outflow_hourly,collisions,collisions_human,fuel,backlog_step,n_total_veh_step,raw_reward_mean,raw_reward_sum,reward_mean,reward_sum,n_veh_step_mean,n_veh_step_sum,n_veh_unique
1.0,7.115896701812744,2000.0,3.631156585720256,,,3.631156585720257,440.0,443.0,1584.0,1594.8,0.0,0.0,1739.4516724661098,162.3655,190.4245,0.2208,552.0,0.00015650577119292715,0.39126442798231786,0.0,0.0,0.0
2.0,5.978799819946289,2000.0,3.6395438803402795,,,3.6395438803402795,443.0,443.0,1594.8,1594.8,0.0,0.0,1623.7877898812353,164.9155,192.96550000000002,0.2196,549.0,-0.0009074102858001293,-2.2685257145003233,0.0,0.0,0.0
3.0,5.882658243179321,2000.0,3.647592125176895,,,3.647592125176895,443.0,443.0,1594.8,1594.8,0.0,0.0,1684.6289819103035,161.9745,190.019,0.2216,554.0,0.001420120616852353,3.5503015421308826,0.0,0.0,0.0
