step,rollout_time,horizon,speed,speed_rl,speed_rl_std,speed_human,inflow,outflow,inflow_hourly,outflow_hourly,collisions,collisions_human,fuel,backlog_step,n_total_veh_step,raw_reward_mean,raw_reward_sum,reward_mean,reward_sum,n_veh_step_mean,n_veh_step_sum,n_veh_unique
1.0,9.068443059921265,2000.0,4.233049935131136,,,4.233049935131136,580.0,582.0,2088.0,2095.2,0.0,0.0,2036.5921832502697,54.693,87.63,0.2908,727.0,0.0015123141341523351,3.780785335380838,0.0,0.0,0.0
2.0,8.755886793136597,2000.0,4.121639083565575,,,4.121639083565575,576.0,577.0,2073.6,2077.2,0.0,0.0,1934.335318469088,55.41,88.84,0.2884,721.0,-0.0021553716163666874,-5.388429040916718,0.0,0.0,0.0
3.0,8.607802867889404,2000.0,4.380177201700814,,,4.380177201700814,573.0,576.0,2062.8,2073.6,0.0,0.0,2017.8127459722216,54.744,86.2145,0.2892,723.0,-0.0008444773466985886,-2.1111933667464715,0.0,0.0,0.0
