step,rollout_time,horizon,speed,speed_rl,speed_rl_std,speed_human,inflow,outflow,inflow_hourly,outflow_hourly,collisions,collisions_human,fuel,backlog_step,n_total_veh_step,raw_reward_mean,raw_reward_sum,reward_mean,reward_sum,n_veh_step_mean,n_veh_step_sum,n_veh_unique
1.0,7.48564600944519,2000.0,4.310243294353411,,,4.310243294353409,659.0,653.0,2372.4,2350.8,0.0,0.0,1563.6655025200146,53.383,87.429,0.3272,818.0,-0.0002464871125165942,-0.6162177812914855,0.0,0.0,0.0
2.0,5.990186929702759,2000.0,4.782006376376866,,,4.782006376376866,667.0,660.0,2401.2,2376.0,0.0,0.0,1777.1768003183686,48.3765,79.423,0.3328,832.0,0.0025922772957730103,6.480693239432526,0.0,0.0,0.0
3.0,6.5921790599823,2000.0,4.004413986746168,,,4.004413986746168,663.0,648.0,2386.8,2332.8,0.0,0.0,1491.069750453479,45.5275,82.20500000000001,0.3276,819.0,-0.0030970347101942357,-7.74258677548559,0.0,0.0,0.0
