step,rollout_time,horizon,speed,speed_rl,speed_rl_std,speed_human,inflow,outflow,inflow_hourly,outflow_hourly,collisions,collisions_human,fuel,backlog_step,n_total_veh_step,raw_reward_mean,raw_reward_sum,reward_mean,reward_sum,n_veh_step_mean,n_veh_step_sum,n_veh_unique
1.0,7.4736762046813965,2000.0,6.339290453418304,,,6.339290453418303,624.0,623.0,2246.4,2242.8,0.0,0.0,2378.725051319857,0.0,24.0965,0.3108,777.0,0.004072633025193891,10.181582562984728,0.0,0.0,0.0
2.0,6.631643056869507,2000.0,6.3686922615936385,,,6.3686922615936385,624.0,624.0,2246.4,2246.4,0.0,0.0,2372.3334387261652,0.0,23.9725,0.3108,777.0,0.000302192965031941,0.7554824125798525,0.0,0.0,0.0
3.0,6.885013103485107,2000.0,6.195260359256787,,,6.195260359256788,624.0,623.0,2246.4,2242.8,0.0,0.0,2293.1311805051105,0.0,24.6315,0.3104,776.0,3.3839506996940564e-05,0.0845987674923514,0.0,0.0,0.0
