step,rollout_time,horizon,speed,speed_rl,speed_rl_std,speed_human,inflow,outflow,inflow_hourly,outflow_hourly,collisions,collisions_human,fuel,backlog_step,n_total_veh_step,raw_reward_mean,raw_reward_sum,reward_mean,reward_sum,n_veh_step_mean,n_veh_step_sum,n_veh_unique
1.0,5.7411980628967285,2000.0,6.671887639574162,,,6.671887639574164,458.0,457.0,1648.8,1645.2,0.0,0.0,2731.161934046745,0.0,17.8215,0.2284,571.0,0.005998301826703387,14.99575456675847,0.0,0.0,0.0
2.0,4.786870002746582,2000.0,6.141634603045349,,,6.1416346030453495,457.0,456.0,1645.2,1641.6,0.0,0.0,2512.9327567037435,0.6925,20.02,0.2272,568.0,6.781807850861554e-05,0.16954519627153886,0.0,0.0,0.0
3.0,4.675644874572754,2000.0,6.521569474431587,,,6.521569474431586,457.0,458.0,1645.2,1648.8,0.0,0.0,2742.9288428363943,0.5885,18.8245,0.228,570.0,0.0003740023529249152,0.935005882312288,0.0,0.0,0.0
