step,rollout_time,horizon,speed,speed_rl,speed_rl_std,speed_human,inflow,outflow,inflow_hourly,outflow_hourly,collisions,collisions_human,fuel,backlog_step,n_total_veh_step,raw_reward_mean,raw_reward_sum,reward_mean,reward_sum,n_veh_step_mean,n_veh_step_sum,n_veh_unique
1.0,8.92647409439087,2000.0,4.1021943404710965,,,4.1021943404710965,695.0,690.0,2502.0,2484.0,0.0,0.0,1787.6402635889535,8.857,47.0715,0.3416,854.0,0.005064983790945697,12.662459477364242,0.0,0.0,0.0
2.0,7.723078966140747,2000.0,4.4850411444988705,,,4.48504114449887,706.0,694.0,2541.6,2498.4,0.0,0.0,1638.630864338414,0.104,35.2965,0.3468,867.0,0.0035813450398989163,8.95336259974729,0.0,0.0,0.0
3.0,8.006777048110962,2000.0,4.12943159295463,,,4.12943159295463,699.0,693.0,2516.4,2494.8,0.0,0.0,1792.2540594508755,4.079,42.2115,0.3444,861.0,0.0006257790837001797,1.5644477092504494,0.0,0.0,0.0
