step,rollout_time,horizon,speed,speed_rl,speed_rl_std,speed_human,inflow,outflow,inflow_hourly,outflow_hourly,collisions,collisions_human,fuel,backlog_step,n_total_veh_step,raw_reward_mean,raw_reward_sum,reward_mean,reward_sum,n_veh_step_mean,n_veh_step_sum,n_veh_unique
1.0,11.203588962554932,2000.0,3.825438643810967,,,3.8254386438109673,692.0,693.0,2491.2,2494.8,0.0,0.0,1854.469830928623,65.1705,106.154,0.3452,863.0,0.0029326013941833665,7.331503485458416,0.0,0.0,0.0
2.0,12.860903024673462,2000.0,3.818713994186181,,,3.8187139941861807,693.0,695.0,2494.8,2502.0,0.0,0.0,1864.598800864194,64.884,106.013,0.3448,862.0,0.0005304584573731771,1.326146143432943,0.0,0.0,0.0
3.0,12.84970498085022,2000.0,3.871256687418663,,,3.871256687418662,690.0,693.0,2484.0,2494.8,0.0,0.0,1846.9514315967415,67.0715,107.4945,0.3436,859.0,-0.0008197872878463989,-2.0494682196159975,0.0,0.0,0.0
