step,rollout_time,horizon,speed,speed_rl,speed_rl_std,speed_human,inflow,outflow,inflow_hourly,outflow_hourly,collisions,collisions_human,fuel,backlog_step,n_total_veh_step,raw_reward_mean,raw_reward_sum,reward_mean,reward_sum,n_veh_step_mean,n_veh_step_sum,n_veh_unique
1.0,8.088374853134155,2000.0,3.31636793053611,,,3.31636793053611,511.0,508.0,1839.6,1828.8,0.0,0.0,1611.2264034693624,160.721,200.37,0.2568,642.0,-0.007641562332915868,-19.10390583228967,0.0,0.0,0.0
2.0,7.468069791793823,2000.0,3.2639824244314215,,,3.263982424431422,505.0,506.0,1818.0,1821.6,0.0,0.0,1540.0635741305127,167.939,207.9465,0.254,635.0,-0.0029518085436633186,-7.379521359158296,0.0,0.0,0.0
3.0,7.27905797958374,2000.0,3.3186307625355296,,,3.3186307625355287,511.0,506.0,1839.6,1821.6,0.0,0.0,1566.431652126481,160.2,199.677,0.2568,642.0,0.0008303061451710882,2.0757653629277204,0.0,0.0,0.0
