step,rollout_time,horizon,speed,speed_rl,speed_rl_std,speed_human,inflow,outflow,inflow_hourly,outflow_hourly,collisions,collisions_human,fuel,backlog_step,n_total_veh_step,raw_reward_mean,raw_reward_sum,reward_mean,reward_sum,n_veh_step_mean,n_veh_step_sum,n_veh_unique
1.0,6.2909770011901855,2000.0,5.226565064234532,,,5.226565064234533,537.0,537.0,1933.2,1933.2,0.0,0.0,1985.742555105389,94.059,118.104,0.268,670.0,0.005030166076128179,12.575415190320449,0.0,0.0,0.0
2.0,5.246347904205322,2000.0,5.22206348814449,,,5.22206348814449,536.0,538.0,1929.6,1936.8,0.0,0.0,2056.515845944329,94.594,118.6325,0.2684,671.0,0.0006769437500620819,1.6923593751552048,0.0,0.0,0.0
3.0,5.3209450244903564,2000.0,5.274519039875837,,,5.274519039875837,535.0,534.0,1926.0,1922.4,0.0,0.0,1875.304868142502,95.564,119.26599999999999,0.2672,668.0,-0.001393411783341814,-3.483529458354535,0.0,0.0,0.0
