step,rollout_time,horizon,speed,speed_rl,speed_rl_std,speed_human,inflow,outflow,inflow_hourly,outflow_hourly,collisions,collisions_human,fuel,backlog_step,n_total_veh_step,raw_reward_mean,raw_reward_sum,reward_mean,reward_sum,n_veh_step_mean,n_veh_step_sum,n_veh_unique
1.0,7.845931053161621,2000.0,3.3000647248138795,,,3.3000647248138795,515.0,507.0,1854.0,1825.2,0.0,0.0,1504.5959598062568,30.696,70.37950000000001,0.2552,638.0,-0.004516606049399278,-11.291515123498195,0.0,0.0,0.0
2.0,7.29642915725708,2000.0,3.1735580074700547,,,3.173558007470054,521.0,507.0,1875.6,1825.2,0.0,0.0,1499.4567246356842,25.242,66.6915,0.2564,641.0,-2.0213665503053945e-05,-0.050534163757634865,0.0,0.0,0.0
3.0,7.37667179107666,2000.0,3.3163903756671695,,,3.3163903756671695,510.0,504.0,1836.0,1814.4,0.0,0.0,1548.9629281762982,32.629,71.9565,0.2536,634.0,-0.00293448617427661,-7.336215435691526,0.0,0.0,0.0
