step,rollout_time,horizon,speed,speed_rl,speed_rl_std,speed_human,inflow,outflow,inflow_hourly,outflow_hourly,collisions,collisions_human,fuel,backlog_step,n_total_veh_step,raw_reward_mean,raw_reward_sum,reward_mean,reward_sum,n_veh_step_mean,n_veh_step_sum,n_veh_unique
1.0,8.605632066726685,2000.0,3.029938899104569,,,3.0299388991045704,504.0,506.0,1814.4,1821.6,0.0,0.0,1674.923042458441,100.698,143.65449999999998,0.254,635.0,-0.00486569105875845,-12.164227646896125,0.0,0.0,0.0
2.0,7.2505857944488525,2000.0,3.2890113779816037,,,3.2890113779816033,509.0,506.0,1832.4,1821.6,0.0,0.0,1535.155489103317,99.5735,139.438,0.2544,636.0,0.00018998162178778815,0.47495405446947037,0.0,0.0,0.0
3.0,7.873401880264282,2000.0,3.0903965339848263,,,3.090396533984826,509.0,503.0,1832.4,1810.8,0.0,0.0,1546.827639876216,93.6305,135.829,0.2552,638.0,0.0005944433697235993,1.4861084243089984,0.0,0.0,0.0
