step,rollout_time,horizon,speed,speed_rl,speed_rl_std,speed_human,inflow,outflow,inflow_hourly,outflow_hourly,collisions,collisions_human,fuel,backlog_step,n_total_veh_step,raw_reward_mean,raw_reward_sum,reward_mean,reward_sum,n_veh_step_mean,n_veh_step_sum,n_veh_unique
1.0,5.797293186187744,2000.0,5.142586139960508,,,5.142586139960509,458.0,458.0,1648.8,1648.8,0.0,0.0,1965.8928304773585,90.807,112.17750000000001,0.2292,573.0,-0.0007308679014047439,-1.8271697535118596,0.0,0.0,0.0
2.0,4.795668125152588,2000.0,5.152345647806139,,,5.152345647806138,459.0,459.0,1652.4,1652.4,0.0,0.0,1970.5720238742638,90.8215,112.143,0.2292,573.0,-8.588384305192952e-06,-0.021470960762982383,0.0,0.0,0.0
3.0,4.889669179916382,2000.0,5.135015415211918,,,5.135015415211917,458.0,459.0,1648.8,1652.4,0.0,0.0,1970.683453331968,91.8145,113.22649999999999,0.2288,572.0,-0.0004108904257261458,-1.0272260643153646,0.0,0.0,0.0
