step,rollout_time,horizon,speed,speed_rl,speed_rl_std,speed_human,inflow,outflow,inflow_hourly,outflow_hourly,collisions,collisions_human,fuel,backlog_step,n_total_veh_step,raw_reward_mean,raw_reward_sum,reward_mean,reward_sum,n_veh_step_mean,n_veh_step_sum,n_veh_unique
1.0,7.525676012039185,2000.0,5.387856303983408,,,5.387856303983409,666.0,668.0,2397.6,2404.8,0.0,0.0,2340.552802856452,66.2135,95.364,0.3308,827.0,0.0038770998784474885,9.692749696118721,0.0,0.0,0.0
2.0,6.434468030929565,2000.0,5.435431387287643,,,5.435431387287641,670.0,673.0,2412.0,2422.8,0.0,0.0,2340.989652109422,63.132,92.168,0.3328,832.0,0.0011459240995200257,2.8648102488000644,0.0,0.0,0.0
3.0,6.523240089416504,2000.0,5.394182564260497,,,5.394182564260497,668.0,669.0,2404.8,2408.4,0.0,0.0,2248.655369951289,64.4745,93.6455,0.3312,828.0,3.3954069237480767e-05,0.08488517309370192,0.0,0.0,0.0
