step,rollout_time,horizon,speed,speed_rl,speed_rl_std,speed_human,inflow,outflow,inflow_hourly,outflow_hourly,collisions,collisions_human,fuel,backlog_step,n_total_veh_step,raw_reward_mean,raw_reward_sum,reward_mean,reward_sum,n_veh_step_mean,n_veh_step_sum,n_veh_unique
1.0,9.05887508392334,2000.0,4.061050255845284,,,4.061050255845284,645.0,640.0,2322.0,2304.0,0.0,0.0,1830.0501320933986,9.2095,45.931,0.3184,796.0,0.0024795218257609446,6.198804564402361,0.0,0.0,0.0
2.0,6.663274049758911,2000.0,4.1736219341480405,,,4.1736219341480405,645.0,641.0,2322.0,2307.6,0.0,0.0,1897.3899724829494,9.3705,45.15,0.3192,798.0,0.0013747034508710982,3.4367586271777455,0.0,0.0,0.0
3.0,6.444972038269043,2000.0,4.198042702776248,,,4.198042702776248,643.0,638.0,2314.8,2296.8,0.0,0.0,1898.4842207318047,10.184,45.602,0.318,795.0,-0.0004416864280091559,-1.1042160700228898,0.0,0.0,0.0
