step,rollout_time,horizon,speed,speed_rl,speed_rl_std,speed_human,inflow,outflow,inflow_hourly,outflow_hourly,collisions,collisions_human,fuel,backlog_step,n_total_veh_step,raw_reward_mean,raw_reward_sum,reward_mean,reward_sum,n_veh_step_mean,n_veh_step_sum,n_veh_unique
1.0,5.852315902709961,2000.0,5.062463970764942,,,5.062463970764942,461.0,459.0,1659.6,1652.4,0.0,0.0,1901.4154584054886,56.4505,78.2595,0.2296,574.0,-0.0011742591873640958,-2.9356479684102395,0.0,0.0,0.0
2.0,4.739598989486694,2000.0,5.163353583875312,,,5.163353583875312,459.0,459.0,1652.4,1652.4,0.0,0.0,1961.1012682293222,57.5725,78.868,0.2296,574.0,-0.0002785827470921076,-0.696456867730269,0.0,0.0,0.0
3.0,4.693857908248901,2000.0,5.125974067575347,,,5.125974067575347,459.0,458.0,1652.4,1648.8,0.0,0.0,1879.4385976639621,57.5535,78.983,0.2288,572.0,-0.0012337010309662873,-3.084252577415718,0.0,0.0,0.0
