step,rollout_time,horizon,speed,speed_rl,speed_rl_std,speed_human,inflow,outflow,inflow_hourly,outflow_hourly,collisions,collisions_human,fuel,backlog_step,n_total_veh_step,raw_reward_mean,raw_reward_sum,reward_mean,reward_sum,n_veh_step_mean,n_veh_step_sum,n_veh_unique
1.0,7.0282979011535645,2000.0,6.257481802973181,,,6.257481802973181,541.0,539.0,1947.6,1940.4,0.0,0.0,2566.2185898935136,0.3385,21.979,0.2696,674.0,0.0035889896052609684,8.972474013152421,0.0,0.0,0.0
2.0,5.546114206314087,2000.0,6.422570236133097,,,6.422570236133096,540.0,539.0,1944.0,1940.4,0.0,0.0,2522.413179861013,0.331,21.416999999999998,0.2688,672.0,1.733210095311808e-05,0.0433302523827952,0.0,0.0,0.0
3.0,5.3199639320373535,2000.0,6.555816068222437,,,6.5558160682224385,542.0,540.0,1951.2,1944.0,0.0,0.0,2507.5119535809085,0.0,20.746,0.27,675.0,0.0005052128635351367,1.263032158837842,0.0,0.0,0.0
