step,rollout_time,horizon,speed,speed_rl,speed_rl_std,speed_human,inflow,outflow,inflow_hourly,outflow_hourly,collisions,collisions_human,fuel,backlog_step,n_total_veh_step,raw_reward_mean,raw_reward_sum,reward_mean,reward_sum,n_veh_step_mean,n_veh_step_sum,n_veh_unique
1.0,5.342424154281616,2000.0,8.988027334862187,,,8.988027334862187,665.0,665.0,2394.0,2394.0,0.0,0.0,2600.4509892441743,0.0,16.394,0.3328,832.0,-0.0019841034835842136,-4.960258708960534,0.0,0.0,0.0
2.0,4.195819139480591,2000.0,9.00926265869155,,,9.009262658691553,665.0,665.0,2394.0,2394.0,0.0,0.0,2586.2071099413024,0.0,16.3735,0.3332,833.0,-0.0001292136704122809,-0.3230341760307023,0.0,0.0,0.0
3.0,4.379839897155762,2000.0,9.03252997999953,,,9.03252997999953,665.0,668.0,2394.0,2404.8,0.0,0.0,2943.5978726333187,0.0,16.339,0.3332,833.0,0.0003902852726332381,0.9757131815830953,0.0,0.0,0.0
