step,rollout_time,horizon,speed,speed_rl,speed_rl_std,speed_human,inflow,outflow,inflow_hourly,outflow_hourly,collisions,collisions_human,fuel,backlog_step,n_total_veh_step,raw_reward_mean,raw_reward_sum,reward_mean,reward_sum,n_veh_step_mean,n_veh_step_sum,n_veh_unique
1.0,7.188724040985107,2000.0,3.968612775007578,,,3.968612775007577,500.0,499.0,1800.0,1796.4,0.0,0.0,1653.0624275979978,81.8505,114.03049999999999,0.25,625.0,0.0022385924751924654,5.596481187981164,0.0,0.0,0.0
2.0,5.974157094955444,2000.0,3.9854140506734024,,,3.9854140506734024,502.0,502.0,1807.2,1807.2,0.0,0.0,1719.1936338243715,77.3325,109.48599999999999,0.2524,631.0,0.0018018684549428222,4.504671137357056,0.0,0.0,0.0
3.0,6.3468499183654785,2000.0,3.9851574448360476,,,3.9851574448360467,500.0,501.0,1800.0,1803.6,0.0,0.0,1722.4226318989781,82.4575,114.5375,0.25,625.0,-0.0010910442963947766,-2.7276107409869415,0.0,0.0,0.0
