step,rollout_time,horizon,speed,speed_rl,speed_rl_std,speed_human,inflow,outflow,inflow_hourly,outflow_hourly,collisions,collisions_human,fuel,backlog_step,n_total_veh_step,raw_reward_mean,raw_reward_sum,reward_mean,reward_sum,n_veh_step_mean,n_veh_step_sum,n_veh_unique
1.0,8.406289339065552,2000.0,3.947300925014719,,,3.947300925014719,490.0,492.0,1764.0,1771.2,0.0,0.0,1726.9222573161144,190.2905,221.0145,0.2448,612.0,0.00508337403834471,12.708435095861775,0.0,0.0,0.0
2.0,7.751070976257324,2000.0,3.944415843259869,,,3.9444158432598693,490.0,492.0,1764.0,1771.2,0.0,0.0,1723.534279950316,187.474,218.22899999999998,0.2456,614.0,0.0006974533796755491,1.7436334491888728,0.0,0.0,0.0
3.0,7.269502878189087,2000.0,3.9507480857751496,,,3.9507480857751496,491.0,492.0,1767.6,1771.2,0.0,0.0,1720.8070326335255,189.292,220.008,0.2456,614.0,0.0006935549325727974,1.7338873314319936,0.0,0.0,0.0
