step,rollout_time,horizon,speed,speed_rl,speed_rl_std,speed_human,inflow,outflow,inflow_hourly,outflow_hourly,collisions,collisions_human,fuel,backlog_step,n_total_veh_step,raw_reward_mean,raw_reward_sum,reward_mean,reward_sum,n_veh_step_mean,n_veh_step_sum,n_veh_unique
1.0,6.78914475440979,2000.0,5.883021619347557,,,5.8830216193475575,654.0,658.0,2354.4,2368.8,0.0,0.0,2185.7901795210423,6.282,33.974000000000004,0.326,815.0,0.006988996525991066,17.472491314977663,0.0,0.0,0.0
2.0,5.927915096282959,2000.0,5.294854250935559,,,5.294854250935559,652.0,653.0,2347.2,2350.8,0.0,0.0,2114.798166914002,7.6645,38.295500000000004,0.3236,809.0,-0.0005200139495306536,-1.300034873826634,0.0,0.0,0.0
3.0,6.750296115875244,2000.0,5.661017367012307,,,5.661017367012308,654.0,658.0,2354.4,2368.8,0.0,0.0,2164.6881256948996,6.2795,35.0465,0.3252,813.0,0.0003493518943019417,0.8733797357548543,0.0,0.0,0.0
