step,rollout_time,horizon,speed,speed_rl,speed_rl_std,speed_human,inflow,outflow,inflow_hourly,outflow_hourly,collisions,collisions_human,fuel,backlog_step,n_total_veh_step,raw_reward_mean,raw_reward_sum,reward_mean,reward_sum,n_veh_step_mean,n_veh_step_sum,n_veh_unique
1.0,7.9147789478302,2000.0,5.231907314131667,,,5.231907314131668,694.0,697.0,2498.4,2509.2,0.0,0.0,2229.4456091003917,43.3195,75.16,0.3448,862.0,0.009253966896329908,23.134917240824773,0.0,0.0,0.0
2.0,6.950552225112915,2000.0,5.082603697923631,,,5.082603697923631,693.0,694.0,2494.8,2498.4,0.0,0.0,2107.740683972973,42.8265,75.5555,0.3436,859.0,3.0988595705928734e-05,0.07747148926482184,0.0,0.0,0.0
3.0,6.9824769496917725,2000.0,5.158448541409646,,,5.158448541409646,696.0,695.0,2505.6,2502.0,0.0,0.0,2050.375440299897,39.922,72.2775,0.3452,863.0,0.0005990464897387591,1.4976162243468978,0.0,0.0,0.0
