step,rollout_time,horizon,speed,speed_rl,speed_rl_std,speed_human,inflow,outflow,inflow_hourly,outflow_hourly,collisions,collisions_human,fuel,backlog_step,n_total_veh_step,raw_reward_mean,raw_reward_sum,reward_mean,reward_sum,n_veh_step_mean,n_veh_step_sum,n_veh_unique
1.0,5.828953981399536,2000.0,8.257497857650353,,,8.257497857650353,499.0,503.0,1796.4,1810.8,0.0,0.0,2595.924736868254,0.0,16.081,0.2492,623.0,0.0037331364702440253,9.332841175610064,0.0,0.0,0.0
2.0,5.022552728652954,2000.0,7.463494192461685,,,7.463494192461685,499.0,501.0,1796.4,1803.6,0.0,0.0,2588.9126061380357,0.0,17.735,0.2492,623.0,0.0003328007420615201,0.8320018551538002,0.0,0.0,0.0
3.0,4.70654821395874,2000.0,7.576237379969595,,,7.576237379969595,499.0,498.0,1796.4,1792.8,0.0,0.0,2406.215855279769,0.0,17.417,0.2484,621.0,-0.0005927584336787382,-1.4818960841968454,0.0,0.0,0.0
