step,rollout_time,horizon,speed,speed_rl,speed_rl_std,speed_human,inflow,outflow,inflow_hourly,outflow_hourly,collisions,collisions_human,fuel,backlog_step,n_total_veh_step,raw_reward_mean,raw_reward_sum,reward_mean,reward_sum,n_veh_step_mean,n_veh_step_sum,n_veh_unique
1.0,9.65268611907959,2000.0,5.019420940321061,,,5.019420940321062,742.0,739.0,2671.2,2660.4,0.0,0.0,2086.534211418469,42.407,76.56899999999999,0.3664,916.0,0.007915889517272793,19.78972379318198,0.0,0.0,0.0
2.0,6.433923721313477,2000.0,5.172707388905752,,,5.172707388905752,742.0,739.0,2671.2,2660.4,0.0,0.0,2028.1802557935168,40.331,73.51,0.3668,917.0,0.0004482436480676319,1.1206091201690798,0.0,0.0,0.0
3.0,6.41982102394104,2000.0,5.153877239207753,,,5.153877239207752,742.0,740.0,2671.2,2664.0,0.0,0.0,2098.423698874646,39.3435,72.63749999999999,0.3668,917.0,0.00024153994434142651,0.6038498608535663,0.0,0.0,0.0
