step,rollout_time,horizon,speed,speed_rl,speed_rl_std,speed_human,inflow,outflow,inflow_hourly,outflow_hourly,collisions,collisions_human,fuel,backlog_step,n_total_veh_step,raw_reward_mean,raw_reward_sum,reward_mean,reward_sum,n_veh_step_mean,n_veh_step_sum,n_veh_unique
1.0,7.685906171798706,2000.0,3.9773243927974247,,,3.9773243927974242,501.0,502.0,1803.6,1807.2,0.0,0.0,1738.3409020989898,146.266,178.48649999999998,0.2512,628.0,0.0024514339997772487,6.128584999443122,0.0,0.0,0.0
2.0,7.2640461921691895,2000.0,3.9685003319284817,,,3.9685003319284817,502.0,504.0,1807.2,1814.4,0.0,0.0,1732.5966032692058,146.0355,178.31600000000003,0.2516,629.0,0.0005061793061003621,1.2654482652509054,0.0,0.0,0.0
3.0,7.799160003662109,2000.0,3.95579601901831,,,3.955796019018309,489.0,491.0,1760.4,1767.6,0.0,0.0,1778.25910980259,55.274,85.8775,0.246,615.0,-0.0056289514033583486,-14.072378508395872,0.0,0.0,0.0
