step,rollout_time,horizon,speed,speed_rl,speed_rl_std,speed_human,inflow,outflow,inflow_hourly,outflow_hourly,collisions,collisions_human,fuel,backlog_step,n_total_veh_step,raw_reward_mean,raw_reward_sum,reward_mean,reward_sum,n_veh_step_mean,n_veh_step_sum,n_veh_unique
1.0,5.373115062713623,2000.0,9.085876462208853,,,9.085876462208853,458.0,457.0,1648.8,1645.2,0.0,0.0,2514.621938607429,0.0,13.1115,0.2292,573.0,-0.002228655628106604,-5.57163907026651,0.0,0.0,0.0
2.0,4.167616844177246,2000.0,9.16826110664803,,,9.16826110664803,458.0,461.0,1648.8,1659.6,0.0,0.0,2735.900964245457,0.0,13.0125,0.2296,574.0,0.00048276059734390957,1.206901493359774,0.0,0.0,0.0
3.0,3.9409451484680176,2000.0,9.20385018852034,,,9.203850188520342,458.0,460.0,1648.8,1656.0,0.0,0.0,2731.425269472514,0.0,12.953,0.2296,574.0,0.0003158965871479333,0.7897414678698333,0.0,0.0,0.0
