step,rollout_time,horizon,speed,speed_rl,speed_rl_std,speed_human,inflow,outflow,inflow_hourly,outflow_hourly,collisions,collisions_human,fuel,backlog_step,n_total_veh_step,raw_reward_mean,raw_reward_sum,reward_mean,reward_sum,n_veh_step_mean,n_veh_step_sum,n_veh_unique
1.0,7.480711936950684,2000.0,5.358989036717231,,,5.35898903671723,701.0,704.0,2523.6,2534.4,0.0,0.0,2434.0276902825744,6.7465,38.0875,0.348,870.0,0.0039007058776228598,9.75176469405715,0.0,0.0,0.0
2.0,7.268980979919434,2000.0,5.337846718633714,,,5.337846718633713,700.0,703.0,2520.0,2530.8,0.0,0.0,2444.4973962857325,7.488,38.8875,0.3472,868.0,0.0003975725539159484,0.993931384789871,0.0,0.0,0.0
3.0,7.485733270645142,2000.0,5.273613830260827,,,5.273613830260827,700.0,703.0,2520.0,2530.8,0.0,0.0,2385.805765135367,7.442,39.2355,0.3476,869.0,0.00042346274644144744,1.0586568661036186,0.0,0.0,0.0
