step,rollout_time,horizon,speed,speed_rl,speed_rl_std,speed_human,inflow,outflow,inflow_hourly,outflow_hourly,collisions,collisions_human,fuel,backlog_step,n_total_veh_step,raw_reward_mean,raw_reward_sum,reward_mean,reward_sum,n_veh_step_mean,n_veh_step_sum,n_veh_unique
1.0,5.5764501094818115,2000.0,4.711518589325468,,,4.711518589325468,383.0,382.0,1378.8,1375.2,0.0,0.0,1798.3606009748241,52.429,72.6995,0.1912,478.0,0.0016554821774623022,4.1387054436557555,0.0,0.0,0.0
2.0,4.442974090576172,2000.0,4.770091991394298,,,4.770091991394297,380.0,380.0,1368.0,1368.0,0.0,0.0,1784.4445701820555,54.1905,74.0415,0.1896,474.0,-0.0014874071387686125,-3.7185178469215314,0.0,0.0,0.0
3.0,4.447343111038208,2000.0,4.753573532749934,,,4.753573532749934,380.0,379.0,1368.0,1364.4,0.0,0.0,1877.6774010511224,54.091,73.9595,0.19,475.0,-0.00032497055036960384,-0.8124263759240096,0.0,0.0,0.0
