step,rollout_time,horizon,speed,speed_rl,speed_rl_std,speed_human,inflow,outflow,inflow_hourly,outflow_hourly,collisions,collisions_human,fuel,backlog_step,n_total_veh_step,raw_reward_mean,raw_reward_sum,reward_mean,reward_sum,n_veh_step_mean,n_veh_step_sum,n_veh_unique
1.0,6.572234869003296,2000.0,7.468644114698561,,,7.468644114698561,542.0,541.0,1951.2,1947.6,0.0,0.0,2575.2845244254245,0.0,18.1785,0.27,675.0,0.0003231058928908201,0.8077647322270503,0.0,0.0,0.0
2.0,5.054738998413086,2000.0,7.703249463523913,,,7.703249463523911,542.0,541.0,1951.2,1947.6,0.0,0.0,2674.4726715056077,0.0,17.658,0.27,675.0,0.0003579622643839751,0.8949056609599377,0.0,0.0,0.0
3.0,5.2173240184783936,2000.0,7.631119793248872,,,7.63111979324887,542.0,542.0,1951.2,1951.2,0.0,0.0,2524.090261354368,0.0,17.851,0.27,675.0,6.108516196058957e-05,0.15271290490147393,0.0,0.0,0.0
