step,rollout_time,horizon,speed,speed_rl,speed_rl_std,speed_human,inflow,outflow,inflow_hourly,outflow_hourly,collisions,collisions_human,fuel,backlog_step,n_total_veh_step,raw_reward_mean,raw_reward_sum,reward_mean,reward_sum,n_veh_step_mean,n_veh_step_sum,n_veh_unique
1.0,9.478738784790039,2000.0,4.472942426113049,,,4.472942426113049,583.0,584.0,2098.8,2102.4,0.0,0.0,2082.535064965457,19.5645,50.8445,0.2924,731.0,0.0004039819418442603,1.0099548546106507,0.0,0.0,0.0
2.0,7.800709009170532,2000.0,4.452861457908568,,,4.452861457908568,584.0,584.0,2102.4,2102.4,0.0,0.0,1960.3496145843196,17.9945,49.53,0.292,730.0,-0.0007526212802301958,-1.8815532005754894,0.0,0.0,0.0
3.0,7.5799338817596436,2000.0,4.4644729409696575,,,4.4644729409696575,586.0,585.0,2109.6,2106.0,0.0,0.0,2037.259414359037,16.7215,48.2255,0.2936,734.0,0.0010713245759184954,2.6783114397962384,0.0,0.0,0.0
