step,rollout_time,horizon,speed,speed_rl,speed_rl_std,speed_human,inflow,outflow,inflow_hourly,outflow_hourly,collisions,collisions_human,fuel,backlog_step,n_total_veh_step,raw_reward_mean,raw_reward_sum,reward_mean,reward_sum,n_veh_step_mean,n_veh_step_sum,n_veh_unique
1.0,8.05089783668518,2000.0,3.5610019524612646,,,3.5610019524612646,640.0,634.0,2304.0,2282.4,0.0,0.0,1663.1138492017587,94.6445,134.77499999999998,0.3192,798.0,-0.001919783416411297,-4.799458541028242,0.0,0.0,0.0
2.0,6.842219114303589,2000.0,3.69625138858994,,,3.696251388589939,636.0,632.0,2289.6,2275.2,0.0,0.0,1752.3723678882893,96.65,135.193,0.3184,796.0,-0.0015694415828431097,-3.9236039571077743,0.0,0.0,0.0
3.0,6.264512062072754,2000.0,4.476328917510415,,,4.476328917510415,657.0,659.0,2365.2,2372.4,0.0,0.0,1955.4336519932851,89.208,122.20349999999999,0.3292,823.0,0.009771365065400219,24.428412663500545,0.0,0.0,0.0
