step,rollout_time,horizon,speed,speed_rl,speed_rl_std,speed_human,inflow,outflow,inflow_hourly,outflow_hourly,collisions,collisions_human,fuel,backlog_step,n_total_veh_step,raw_reward_mean,raw_reward_sum,reward_mean,reward_sum,n_veh_step_mean,n_veh_step_sum,n_veh_unique
1.0,8.776957273483276,2000.0,4.036391444342877,,,4.036391444342877,643.0,645.0,2314.8,2322.0,0.0,0.0,1898.704851088406,41.12,78.2025,0.32,800.0,0.0031733744777644565,7.933436194411142,0.0,0.0,0.0
2.0,6.808111190795898,2000.0,4.152000232505606,,,4.152000232505608,644.0,644.0,2318.4,2318.4,0.0,0.0,1868.071861452695,41.4615,77.46549999999999,0.3196,799.0,0.00025382461459700316,0.6345615364925079,0.0,0.0,0.0
3.0,6.706120252609253,2000.0,4.152419682786908,,,4.15241968278691,643.0,645.0,2314.8,2322.0,0.0,0.0,1967.4117763258037,40.7925,76.839,0.32,800.0,0.0007500845832629114,1.8752114581572785,0.0,0.0,0.0
