step,rollout_time,horizon,speed,speed_rl,speed_rl_std,speed_human,inflow,outflow,inflow_hourly,outflow_hourly,collisions,collisions_human,fuel,backlog_step,n_total_veh_step,raw_reward_mean,raw_reward_sum,reward_mean,reward_sum,n_veh_step_mean,n_veh_step_sum,n_veh_unique
1.0,6.493585824966431,2000.0,5.331163055145972,,,5.331163055145972,602.0,602.0,2167.2,2167.2,0.0,0.0,2023.5612617024387,109.0345,134.6685,0.3004,751.0,0.0050149871288964485,12.53746782224112,0.0,0.0,0.0
2.0,5.277006149291992,2000.0,5.4405633001541265,,,5.4405633001541265,602.0,600.0,2167.2,2160.0,0.0,0.0,2095.983219589469,110.775,135.85150000000002,0.3004,751.0,0.0004011906648099762,1.0029766620249405,0.0,0.0,0.0
3.0,5.581973075866699,2000.0,5.456891593390693,,,5.456891593390692,600.0,601.0,2160.0,2163.6,0.0,0.0,2099.7056790487873,110.614,135.5405,0.3008,752.0,0.0005096020728625614,1.2740051821564036,0.0,0.0,0.0
