step,rollout_time,horizon,speed,speed_rl,speed_rl_std,speed_human,inflow,outflow,inflow_hourly,outflow_hourly,collisions,collisions_human,fuel,backlog_step,n_total_veh_step,raw_reward_mean,raw_reward_sum,reward_mean,reward_sum,n_veh_step_mean,n_veh_step_sum,n_veh_unique
1.0,6.113466024398804,2000.0,5.84665711560281,,,5.84665711560281,459.0,460.0,1652.4,1656.0,0.0,0.0,2365.7454168826043,27.1745,47.63249999999999,0.23,575.0,-0.00021793222105313887,-0.5448305526328472,0.0,0.0,0.0
2.0,5.044388055801392,2000.0,5.7364354871147505,,,5.73643548711475,459.0,460.0,1652.4,1656.0,0.0,0.0,2382.582414565846,27.433,48.329499999999996,0.23,575.0,0.00039247325027098564,0.9811831256774641,0.0,0.0,0.0
3.0,5.072367191314697,2000.0,5.877636989497923,,,5.877636989497922,460.0,461.0,1656.0,1659.6,0.0,0.0,2462.8281766974806,25.877,46.315,0.2308,577.0,0.0004950250638922149,1.2375626597305374,0.0,0.0,0.0
