step,rollout_time,horizon,speed,speed_rl,speed_rl_std,speed_human,inflow,outflow,inflow_hourly,outflow_hourly,collisions,collisions_human,fuel,backlog_step,n_total_veh_step,raw_reward_mean,raw_reward_sum,reward_mean,reward_sum,n_veh_step_mean,n_veh_step_sum,n_veh_unique
1.0,11.467636108398438,2000.0,3.8333523915870362,,,3.8333523915870362,692.0,692.0,2491.2,2491.2,0.0,0.0,1765.4411655576514,31.5275,72.411,0.344,860.0,0.004459290040350028,11.14822510087507,0.0,0.0,0.0
2.0,8.985478162765503,2000.0,3.88868844983697,,,3.8886884498369683,696.0,695.0,2505.6,2502.0,0.0,0.0,1799.011370022606,33.1405,73.665,0.3452,863.0,0.0013178939161438115,3.2947347903595285,0.0,0.0,0.0
3.0,8.032434940338135,2000.0,3.8735471833433768,,,3.8735471833433768,693.0,693.0,2494.8,2494.8,0.0,0.0,1849.2245654331618,33.653,74.1245,0.344,860.0,5.681358197550779e-06,0.014203395493876947,0.0,0.0,0.0
