step,rollout_time,horizon,speed,speed_rl,speed_rl_std,speed_human,inflow,outflow,inflow_hourly,outflow_hourly,collisions,collisions_human,fuel,backlog_step,n_total_veh_step,raw_reward_mean,raw_reward_sum,reward_mean,reward_sum,n_veh_step_mean,n_veh_step_sum,n_veh_unique
1.0,6.623297929763794,2000.0,5.902279843196859,,,5.90227984319686,543.0,543.0,1954.8,1954.8,0.0,0.0,2298.3297192034643,27.023,50.167,0.2716,679.0,0.001175321896911127,2.9383047422778175,0.0,0.0,0.0
2.0,5.489727973937988,2000.0,5.9071797830074235,,,5.9071797830074235,541.0,541.0,1947.6,1947.6,0.0,0.0,2395.926387228883,28.615,51.64,0.2708,677.0,-1.751294640536587e-05,-0.043782366013414675,0.0,0.0,0.0
3.0,5.546527862548828,2000.0,5.844028526972799,,,5.844028526972799,543.0,543.0,1954.8,1954.8,0.0,0.0,2436.4311379105416,26.82,50.189,0.272,680.0,0.00048547451741556163,1.2136862935389041,0.0,0.0,0.0
