step,rollout_time,horizon,speed,speed_rl,speed_rl_std,speed_human,inflow,outflow,inflow_hourly,outflow_hourly,collisions,collisions_human,fuel,backlog_step,n_total_veh_step,raw_reward_mean,raw_reward_sum,reward_mean,reward_sum,n_veh_step_mean,n_veh_step_sum,n_veh_unique
1.0,5.8984739780426025,2000.0,6.812790880703238,,,6.812790880703238,582.0,583.0,2095.2,2098.8,0.0,0.0,2525.648489317977,0.0,20.4945,0.2904,726.0,0.006096836584563559,15.242091461408897,0.0,0.0,0.0
2.0,4.936594009399414,2000.0,6.8270950532894314,,,6.8270950532894314,582.0,582.0,2095.2,2095.2,0.0,0.0,2405.552521682789,0.0,20.4605,0.2908,727.0,0.00026097943257838343,0.6524485814459586,0.0,0.0,0.0
3.0,4.865419149398804,2000.0,6.786595379416836,,,6.786595379416836,582.0,583.0,2095.2,2098.8,0.0,0.0,2513.093337773633,0.0,20.5845,0.2912,728.0,0.00038043186427294556,0.9510796606823639,0.0,0.0,0.0
