step,rollout_time,horizon,speed,speed_rl,speed_rl_std,speed_human,inflow,outflow,inflow_hourly,outflow_hourly,collisions,collisions_human,fuel,backlog_step,n_total_veh_step,raw_reward_mean,raw_reward_sum,reward_mean,reward_sum,n_veh_step_mean,n_veh_step_sum,n_veh_unique
1.0,7.582870721817017,2000.0,4.903712831073529,,,4.90371283107353,689.0,693.0,2480.4,2494.8,0.0,0.0,2382.973057464815,76.4315,110.1325,0.3436,859.0,0.003333314796851341,8.333286992128352,0.0,0.0,0.0
2.0,7.060934782028198,2000.0,4.831262092970214,,,4.831262092970214,692.0,695.0,2491.2,2502.0,0.0,0.0,2430.1695761139104,77.464,111.9375,0.3436,859.0,0.0009601031687770384,2.400257921942596,0.0,0.0,0.0
3.0,6.963656902313232,2000.0,5.0190728992636044,,,5.0190728992636044,694.0,697.0,2498.4,2509.2,0.0,0.0,2360.2192318244365,75.651,108.94649999999999,0.344,860.0,0.0005601486832518877,1.4003717081297191,0.0,0.0,0.0
