step,rollout_time,horizon,speed,speed_rl,speed_rl_std,speed_human,inflow,outflow,inflow_hourly,outflow_hourly,collisions,collisions_human,fuel,backlog_step,n_total_veh_step,raw_reward_mean,raw_reward_sum,reward_mean,reward_sum,n_veh_step_mean,n_veh_step_sum,n_veh_unique
1.0,7.087188005447388,2000.0,5.690257785305763,,,5.690257785305763,624.0,626.0,2246.4,2253.6,0.0,0.0,2249.452550083756,27.9795,54.905,0.312,780.0,0.0024977779528317654,6.244444882079414,0.0,0.0,0.0
2.0,5.897220134735107,2000.0,5.8603342486992425,,,5.8603342486992425,624.0,624.0,2246.4,2246.4,0.0,0.0,2206.055864613737,29.6665,55.775,0.3116,779.0,0.00010991088584880444,0.2747772146220111,0.0,0.0,0.0
3.0,5.977490186691284,2000.0,5.841590079124937,,,5.841590079124936,624.0,625.0,2246.4,2250.0,0.0,0.0,2220.5470342763224,27.9225,54.164,0.312,780.0,0.00023521251674160705,0.5880312918540176,0.0,0.0,0.0
