step,rollout_time,horizon,speed,speed_rl,speed_rl_std,speed_human,inflow,outflow,inflow_hourly,outflow_hourly,collisions,collisions_human,fuel,backlog_step,n_total_veh_step,raw_reward_mean,raw_reward_sum,reward_mean,reward_sum,n_veh_step_mean,n_veh_step_sum,n_veh_unique
1.0,7.0208799839019775,2000.0,6.961276189723225,,,6.961276189723225,583.0,587.0,2098.8,2113.2,0.0,0.0,2631.321989585879,0.0,21.453,0.2908,727.0,0.005561450585594925,13.903626463987312,0.0,0.0,0.0
2.0,5.849644899368286,2000.0,7.046025852647657,,,7.046025852647657,583.0,587.0,2098.8,2113.2,0.0,0.0,2622.927716666402,0.0,21.1965,0.2908,727.0,0.0005331709395770133,1.3329273489425333,0.0,0.0,0.0
3.0,5.799576997756958,2000.0,7.066928058722405,,,7.066928058722405,583.0,587.0,2098.8,2113.2,0.0,0.0,2618.524330544233,0.0,21.126,0.2916,729.0,0.0006674884818842926,1.6687212047107316,0.0,0.0,0.0
