step,rollout_time,horizon,speed,speed_rl,speed_rl_std,speed_human,inflow,outflow,inflow_hourly,outflow_hourly,collisions,collisions_human,fuel,backlog_step,n_total_veh_step,raw_reward_mean,raw_reward_sum,reward_mean,reward_sum,n_veh_step_mean,n_veh_step_sum,n_veh_unique
1.0,8.228026866912842,2000.0,3.961959686604556,,,3.961959686604556,494.0,494.0,1778.4,1778.4,0.0,0.0,1668.9483544615023,122.9335,153.6275,0.2452,613.0,0.006159337237408902,15.398343093522255,0.0,0.0,0.0
2.0,6.51761794090271,2000.0,3.9525156441028524,,,3.9525156441028533,492.0,492.0,1771.2,1771.2,0.0,0.0,1726.7441156226914,119.171,149.83700000000002,0.2464,616.0,0.000633045585449536,1.58261396362384,0.0,0.0,0.0
3.0,8.033622980117798,2000.0,3.9781614788977437,,,3.9781614788977433,493.0,494.0,1774.8,1778.4,0.0,0.0,1725.8669159451097,121.6575,152.2765,0.2468,617.0,0.001205763363368844,3.01440840842211,0.0,0.0,0.0
