step,rollout_time,horizon,speed,speed_rl,speed_rl_std,speed_human,inflow,outflow,inflow_hourly,outflow_hourly,collisions,collisions_human,fuel,backlog_step,n_total_veh_step,raw_reward_mean,raw_reward_sum,reward_mean,reward_sum,n_veh_step_mean,n_veh_step_sum,n_veh_unique
1.0,7.676673889160156,2000.0,3.9529663003071587,,,3.9529663003071587,498.0,499.0,1792.8,1796.4,0.0,0.0,1616.719541816424,215.0205,247.237,0.2484,621.0,0.0018502003828014147,4.625500957003537,0.0,0.0,0.0
2.0,6.96492600440979,2000.0,3.981889729693872,,,3.9818897296938722,502.0,502.0,1807.2,1807.2,0.0,0.0,1739.8908836450858,211.6915,243.8465,0.2516,629.0,0.0026890631944086717,6.722657986021679,0.0,0.0,0.0
3.0,7.162313938140869,2000.0,3.9563897707776703,,,3.9563897707776707,499.0,498.0,1796.4,1792.8,0.0,0.0,1671.4837347171338,211.966,244.1685,0.2504,626.0,4.2780475713894004e-05,0.10695118928473502,0.0,0.0,0.0
