step,rollout_time,horizon,speed,speed_rl,speed_rl_std,speed_human,inflow,outflow,inflow_hourly,outflow_hourly,collisions,collisions_human,fuel,backlog_step,n_total_veh_step,raw_reward_mean,raw_reward_sum,reward_mean,reward_sum,n_veh_step_mean,n_veh_step_sum,n_veh_unique
1.0,6.682514905929565,2000.0,6.211334441593746,,,6.211334441593747,666.0,669.0,2397.6,2408.4,0.0,0.0,2419.6943999578853,2.0,27.2795,0.3312,828.0,0.0064898081171871425,16.224520292967856,0.0,0.0,0.0
2.0,5.9887847900390625,2000.0,6.226842479816716,,,6.226842479816716,666.0,663.0,2397.6,2386.8,0.0,0.0,2120.4923788757005,2.001,27.1275,0.3296,824.0,-0.0003400346314232637,-0.8500865785581592,0.0,0.0,0.0
3.0,5.446728944778442,2000.0,6.1627119814769316,,,6.162711981476932,666.0,670.0,2397.6,2412.0,0.0,0.0,2526.1937243170983,3.0,28.4925,0.3312,828.0,0.0006051957646983913,1.5129894117459783,0.0,0.0,0.0
