step,rollout_time,horizon,speed,speed_rl,speed_rl_std,speed_human,inflow,outflow,inflow_hourly,outflow_hourly,collisions,collisions_human,fuel,backlog_step,n_total_veh_step,raw_reward_mean,raw_reward_sum,reward_mean,reward_sum,n_veh_step_mean,n_veh_step_sum,n_veh_unique
1.0,9.734209060668945,2000.0,4.036643707234817,,,4.036643707234815,642.0,643.0,2311.2,2314.8,0.0,0.0,1884.9864878131734,73.3395,110.375,0.32,800.0,0.004727382653521882,11.818456633804704,0.0,0.0,0.0
2.0,9.020724773406982,2000.0,4.131264102567523,,,4.131264102567523,643.0,644.0,2314.8,2318.4,0.0,0.0,1861.797205165755,72.3655,108.5835,0.32,800.0,0.0005393060081786786,1.3482650204466964,0.0,0.0,0.0
3.0,8.598314046859741,2000.0,4.019973122442703,,,4.019973122442703,643.0,644.0,2314.8,2318.4,0.0,0.0,1848.645247551119,73.3655,110.5635,0.3196,799.0,-4.095522286493374e-05,-0.10238805716233434,0.0,0.0,0.0
