step,rollout_time,horizon,speed,speed_rl,speed_rl_std,speed_human,inflow,outflow,inflow_hourly,outflow_hourly,collisions,collisions_human,fuel,backlog_step,n_total_veh_step,raw_reward_mean,raw_reward_sum,reward_mean,reward_sum,n_veh_step_mean,n_veh_step_sum,n_veh_unique
1.0,6.193760871887207,2000.0,5.519984028678383,,,5.519984028678383,602.0,600.0,2167.2,2160.0,0.0,0.0,1985.1251239635917,11.581,36.230000000000004,0.2992,748.0,0.004016315267117429,10.040788167793572,0.0,0.0,0.0
2.0,5.2214720249176025,2000.0,5.162366950036066,,,5.162366950036066,606.0,600.0,2181.6,2160.0,0.0,0.0,1908.2794088446262,8.4505,34.9165,0.3008,752.0,0.001232953106556828,3.0823827663920698,0.0,0.0,0.0
3.0,5.436012029647827,2000.0,4.835579113397892,,,4.835579113397894,605.0,602.0,2178.0,2167.2,0.0,0.0,1980.0117258554476,8.7785,37.0045,0.2996,749.0,2.6369554497223648e-05,0.06592388624305912,0.0,0.0,0.0
