step,rollout_time,horizon,speed,speed_rl,speed_rl_std,speed_human,inflow,outflow,inflow_hourly,outflow_hourly,collisions,collisions_human,fuel,backlog_step,n_total_veh_step,raw_reward_mean,raw_reward_sum,reward_mean,reward_sum,n_veh_step_mean,n_veh_step_sum,n_veh_unique
1.0,6.923105001449585,2000.0,7.989231953642311,,,7.989231953642311,665.0,665.0,2394.0,2394.0,0.0,0.0,2761.0618962156545,0.0,18.439,0.3348,837.0,-0.0028439156748553992,-7.109789187138499,0.0,0.0,0.0
2.0,6.026115655899048,2000.0,7.9327057340518845,,,7.9327057340518845,665.0,668.0,2394.0,2404.8,0.0,0.0,2773.274265329645,0.0,18.5945,0.3352,838.0,-0.0002754606122166706,-0.6886515305416765,0.0,0.0,0.0
3.0,6.026612997055054,2000.0,7.998564871001064,,,7.998564871001064,665.0,667.0,2394.0,2401.2,0.0,0.0,2608.410782679501,0.0,18.464,0.3344,836.0,-0.0007980921572343004,-1.995230393085751,0.0,0.0,0.0
