step,rollout_time,horizon,speed,speed_rl,speed_rl_std,speed_human,inflow,outflow,inflow_hourly,outflow_hourly,collisions,collisions_human,fuel,backlog_step,n_total_veh_step,raw_reward_mean,raw_reward_sum,reward_mean,reward_sum,n_veh_step_mean,n_veh_step_sum,n_veh_unique
1.0,6.606417179107666,2000.0,5.958548149056284,,,5.958548149056284,583.0,585.0,2098.8,2106.0,0.0,0.0,2395.4197416585907,3.0,24.9515,0.2888,722.0,0.004975242230762936,12.43810557690734,0.0,0.0,0.0
2.0,5.213484048843384,2000.0,6.255057063219321,,,6.255057063219321,583.0,586.0,2098.8,2109.6,0.0,0.0,2315.5280364154123,3.0,23.927,0.2892,723.0,0.0003812364160577119,0.9530910401442798,0.0,0.0,0.0
3.0,5.241956949234009,2000.0,6.063261078382954,,,6.063261078382952,583.0,584.0,2098.8,2102.4,0.0,0.0,2363.5334997481687,1.0,22.535,0.2896,724.0,0.00039471449031897905,0.9867862257974476,0.0,0.0,0.0
