step,rollout_time,horizon,speed,speed_rl,speed_rl_std,speed_human,inflow,outflow,inflow_hourly,outflow_hourly,collisions,fuel,backlog_step,n_total_veh_step,raw_reward_mean,raw_reward_sum,reward_mean,reward_sum,n_veh_step_mean,n_veh_step_sum,n_veh_unique
1.0,10.11868405342102,2000.0,1.7255020894193287,,,1.725502089419329,428.0,429.0,1540.8,1544.4,0.0,1201.5711964706666,335.58,386.769,0.226,565.0,-0.014025471591730235,-35.06367897932559,0.0,0.0,0.0
2.0,11.735857009887695,2000.0,1.7244458739138309,,,1.7244458739138309,428.0,429.0,1540.8,1544.4,0.0,1180.7157153046228,341.0805,392.23499999999996,0.2236,559.0,-0.0010497945401353875,-2.624486350338469,0.0,0.0,0.0
3.0,9.861531972885132,2000.0,4.09323323535512,,,4.093233235355121,701.0,700.0,2523.6,2520.0,0.0,1806.5820027242821,177.1975,212.4355,0.3496,874.0,0.0222912397342003,55.728099335500744,0.0,0.0,0.0
