step,rollout_time,horizon,speed,speed_rl,speed_rl_std,speed_human,inflow,outflow,inflow_hourly,outflow_hourly,collisions,collisions_human,fuel,backlog_step,n_total_veh_step,raw_reward_mean,raw_reward_sum,reward_mean,reward_sum,n_veh_step_mean,n_veh_step_sum,n_veh_unique
1.0,6.517861843109131,2000.0,6.399896362884276,,,6.3998963628842755,776.0,776.0,2793.6,2793.6,0.0,0.0,2498.0275733193307,0.0,24.997,0.3876,969.0,0.0019673880593755067,4.918470148438767,0.0,0.0,0.0
2.0,5.7483229637146,2000.0,6.422959056862553,,,6.422959056862553,776.0,778.0,2793.6,2800.8,0.0,0.0,2600.44121935709,0.0,24.9045,0.3884,971.0,0.0004520999678379134,1.1302499195947835,0.0,0.0,0.0
3.0,5.370213031768799,2000.0,6.437237828572654,,,6.437237828572652,776.0,776.0,2793.6,2793.6,0.0,0.0,2416.231101407185,0.0,24.852,0.3868,967.0,-0.00046513019349347354,-1.1628254837336838,0.0,0.0,0.0
