step,rollout_time,horizon,speed,speed_rl,speed_rl_std,speed_human,inflow,outflow,inflow_hourly,outflow_hourly,collisions,collisions_human,fuel,backlog_step,n_total_veh_step,raw_reward_mean,raw_reward_sum,reward_mean,reward_sum,n_veh_step_mean,n_veh_step_sum,n_veh_unique
1.0,8.598526954650879,2000.0,4.590609280710331,,,4.590609280710331,917.0,917.0,3301.2,3301.2,0.0,0.0,2169.5110363753993,81.583,122.7405,0.4552,1138.0,0.010542122787016276,26.35530696754069,0.0,0.0,0.0
2.0,7.387892007827759,2000.0,4.6880708466131615,,,4.688070846613162,916.0,916.0,3297.6,3297.6,0.0,0.0,2095.9483448012156,85.013,125.29350000000001,0.4536,1134.0,-0.0004117631186429499,-1.0294077966073747,0.0,0.0,0.0
3.0,7.788839817047119,2000.0,4.638418848228807,,,4.638418848228808,915.0,918.0,3294.0,3304.8,0.0,0.0,2216.0423229871294,84.183,124.9535,0.4548,1137.0,0.0006757580611435136,1.689395152858784,0.0,0.0,0.0
