step,rollout_time,horizon,speed,speed_rl,speed_rl_std,speed_human,inflow,outflow,inflow_hourly,outflow_hourly,collisions,collisions_human,fuel,backlog_step,n_total_veh_step,raw_reward_mean,raw_reward_sum,reward_mean,reward_sum,n_veh_step_mean,n_veh_step_sum,n_veh_unique
1.0,7.771796941757202,2000.0,4.936785284658535,,,4.936785284658535,840.0,840.0,3024.0,3024.0,0.0,0.0,2187.4208311844836,71.6415,106.74449999999999,0.4184,1046.0,0.0035662908738040094,8.915727184510024,0.0,0.0,0.0
2.0,6.87335991859436,2000.0,4.937003242039135,,,4.937003242039135,838.0,838.0,3016.8,3016.8,0.0,0.0,2170.978837821529,76.15,111.1285,0.4176,1044.0,1.4189156638430234e-05,0.035472891596075584,0.0,0.0,0.0
3.0,6.803009033203125,2000.0,4.944542680438966,,,4.944542680438966,838.0,840.0,3016.8,3024.0,0.0,0.0,2188.462417534505,77.6615,112.65,0.4184,1046.0,0.0008639162631120633,2.1597906577801584,0.0,0.0,0.0
