step,rollout_time,horizon,speed,speed_rl,speed_rl_std,speed_human,inflow,outflow,inflow_hourly,outflow_hourly,collisions,collisions_human,fuel,backlog_step,n_total_veh_step,raw_reward_mean,raw_reward_sum,reward_mean,reward_sum,n_veh_step_mean,n_veh_step_sum,n_veh_unique
1.0,6.71719217300415,2000.0,6.029258005083052,,,6.029258005083052,778.0,779.0,2800.8,2804.4,0.0,0.0,2874.122413027677,0.0005,26.595499999999998,0.3896,974.0,0.006016218383582602,15.040545958956503,0.0,0.0,0.0
2.0,5.566631078720093,2000.0,5.971213907738314,,,5.971213907738314,776.0,776.0,2793.6,2793.6,0.0,0.0,2632.1799367596227,0.7275,27.48,0.386,965.0,-0.0006184002745680603,-1.5460006864201508,0.0,0.0,0.0
3.0,5.550439119338989,2000.0,6.050298339417876,,,6.050298339417874,778.0,779.0,2800.8,2804.4,0.0,0.0,2736.3969795333446,0.0,26.4985,0.3876,969.0,0.0002716813847542276,0.6792034618855691,0.0,0.0,0.0
