step,rollout_time,horizon,speed,speed_rl,speed_rl_std,speed_human,inflow,outflow,inflow_hourly,outflow_hourly,collisions,collisions_human,fuel,backlog_step,n_total_veh_step,raw_reward_mean,raw_reward_sum,reward_mean,reward_sum,n_veh_step_mean,n_veh_step_sum,n_veh_unique
1.0,6.01541805267334,2000.0,6.493043017678743,,,6.493043017678741,694.0,694.0,2498.4,2498.4,0.0,0.0,2443.2496154903424,0.0,22.0605,0.3448,862.0,0.004057398446607305,10.143496116518262,0.0,0.0,0.0
2.0,5.164805889129639,2000.0,6.35199950068858,,,6.35199950068858,694.0,692.0,2498.4,2491.2,0.0,0.0,2260.3772196268687,0.0,22.5505,0.3436,859.0,-0.00010261881370024821,-0.25654703425062053,0.0,0.0,0.0
3.0,5.120320081710815,2000.0,6.375614251900389,,,6.375614251900389,694.0,692.0,2498.4,2491.2,0.0,0.0,2250.4582605085707,0.0,22.424,0.3448,862.0,0.0002926674415234568,0.731668603808642,0.0,0.0,0.0
