step,rollout_time,horizon,speed,speed_rl,speed_rl_std,speed_human,inflow,outflow,inflow_hourly,outflow_hourly,collisions,collisions_human,fuel,backlog_step,n_total_veh_step,raw_reward_mean,raw_reward_sum,reward_mean,reward_sum,n_veh_step_mean,n_veh_step_sum,n_veh_unique
1.0,7.433501958847046,2000.0,5.207614785020753,,,5.207614785020754,696.0,698.0,2505.6,2512.8,0.0,0.0,2375.116875189724,54.098,81.684,0.3484,871.0,0.0010677365280479074,2.669341320119768,0.0,0.0,0.0
2.0,6.1086647510528564,2000.0,5.208353786208547,,,5.208353786208546,694.0,697.0,2498.4,2509.2,0.0,0.0,2370.885383351144,55.3955,82.91,0.3484,871.0,0.00014031561855056563,0.35078904637641406,0.0,0.0,0.0
3.0,5.579962253570557,2000.0,5.204187739931186,,,5.204187739931184,695.0,697.0,2502.0,2509.2,0.0,0.0,2369.2787656745077,55.2945,82.865,0.348,870.0,6.0276682028334075e-05,0.15069170507083518,0.0,0.0,0.0
