step,rollout_time,horizon,speed,speed_rl,speed_rl_std,speed_human,inflow,outflow,inflow_hourly,outflow_hourly,collisions,collisions_human,fuel,backlog_step,n_total_veh_step,raw_reward_mean,raw_reward_sum,reward_mean,reward_sum,n_veh_step_mean,n_veh_step_sum,n_veh_unique
1.0,8.164856910705566,2000.0,5.061583805172466,,,5.061583805172466,929.0,929.0,3344.4,3344.4,0.0,0.0,2372.211551684079,16.5835,54.302,0.458,1145.0,0.010717241917198849,26.79310479299712,0.0,0.0,0.0
2.0,7.353419065475464,2000.0,5.10384349611698,,,5.103843496116979,929.0,929.0,3344.4,3344.4,0.0,0.0,2356.622862179265,18.5805,56.009,0.4584,1146.0,0.0006217609438578826,1.5544023596447065,0.0,0.0,0.0
3.0,8.520411968231201,2000.0,5.050408615854264,,,5.0504086158542645,927.0,928.0,3337.2,3340.8,0.0,0.0,2364.3617647350093,20.722,58.502500000000005,0.4584,1146.0,0.000532067493652602,1.330168734131505,0.0,0.0,0.0
