,rollout_time,horizon,speed,speed_rl,speed_rl_std,speed_human,inflow,outflow,inflow_hourly,outflow_hourly,collisions,fuel,backlog_step,n_total_veh_step,raw_reward_mean,raw_reward_sum,reward_mean,reward_sum,n_veh_step_mean,n_veh_step_sum,n_veh_unique
1,9.4806,2000,1.7279,,,1.7279,428,428,1540.8,1540.8,0,1178.1,229.33,280.46,0.2416,604,-0.020818,-52.044,0,0,0
2,8.531,2000,1.7911,,,1.7911,444,445,1598.4,1602,0,1223.7,207.87,258.87,0.2508,627,0.00077723,1.9431,0,0,0
3,8.8873,2000,1.7277,,,1.7277,429,429,1544.4,1544.4,0,1136,273.05,324.13,0.2232,558,-0.0043994,-10.999,0,0,0
4,7.1895,2000,4.0375,,,4.0375,612,611,2203.2,2199.6,0,1765.1,182.01,213.2,0.3052,763,0.0017796,4.4491,0,0,0
5,6.2702,2000,4.0422,,,4.0422,612,610,2203.2,2196,0,1709,181.99,213.14,0.3048,762,-0.00061851,-1.5463,0,0,0
6,6.4575,2000,4.0527,,,4.0527,610,610,2196,2196,0,1769,181.97,213.03,0.306,765,0.00094111,2.3528,0,0,0
