step,rollout_time,horizon,speed,speed_rl,speed_rl_std,speed_human,inflow,outflow,inflow_hourly,outflow_hourly,collisions,collisions_human,fuel,backlog_step,n_total_veh_step,raw_reward_mean,raw_reward_sum,reward_mean,reward_sum,n_veh_step_mean,n_veh_step_sum,n_veh_unique
1.0,6.692263126373291,2000.0,5.95120409980467,,,5.951204099804671,778.0,778.0,2800.8,2800.8,0.0,0.0,2594.6323738603955,0.0,26.953,0.3872,968.0,0.0049730809236578685,12.432702309144672,0.0,0.0,0.0
2.0,5.577898025512695,2000.0,5.998367903277385,,,5.9983679032773844,778.0,775.0,2800.8,2790.0,0.0,0.0,2301.922374907743,0.0,26.697,0.386,965.0,-0.0001808012943565947,-0.4520032358914867,0.0,0.0,0.0
3.0,5.891319990158081,2000.0,5.853109520453851,,,5.853109520453852,778.0,778.0,2800.8,2800.8,0.0,0.0,2617.7526601470922,0.002,27.3855,0.3864,966.0,0.0003766657892489603,0.9416644731224006,0.0,0.0,0.0
