step,rollout_time,horizon,speed,speed_rl,speed_rl_std,speed_human,inflow,outflow,inflow_hourly,outflow_hourly,collisions,collisions_human,fuel,backlog_step,n_total_veh_step,raw_reward_mean,raw_reward_sum,reward_mean,reward_sum,n_veh_step_mean,n_veh_step_sum,n_veh_unique
1.0,7.190020799636841,2000.0,5.671104163644792,,,5.6711041636447925,834.0,835.0,3002.4,3006.0,0.0,0.0,2221.27860111666,14.138,44.502,0.416,1040.0,0.0021064167902936698,5.266041975734174,0.0,0.0,0.0
2.0,6.174331188201904,2000.0,5.681168924077195,,,5.681168924077196,834.0,836.0,3002.4,3009.6,0.0,0.0,2288.060805440197,14.024,44.327999999999996,0.4156,1039.0,-4.5707089251726176e-05,-0.11426772312931543,0.0,0.0,0.0
3.0,6.396711111068726,2000.0,5.633899448087563,,,5.633899448087563,832.0,834.0,2995.2,3002.4,0.0,0.0,2464.954931736,24.623,55.0895,0.4152,1038.0,-0.0001821398689373158,-0.4553496723432895,0.0,0.0,0.0
