step,rollout_time,horizon,speed,speed_rl,speed_rl_std,speed_human,inflow,outflow,inflow_hourly,outflow_hourly,collisions,collisions_human,fuel,backlog_step,n_total_veh_step,raw_reward_mean,raw_reward_sum,reward_mean,reward_sum,n_veh_step_mean,n_veh_step_sum,n_veh_unique
1.0,11.182398080825806,2000.0,1.726603220336143,,,1.726603220336143,427.0,428.0,1537.2,1540.8,0.0,0.0,1152.98147755008,365.873,416.98199999999997,0.2144,536.0,-0.001669638748608768,-4.17409687152192,0.0,0.0,0.0
2.0,9.5903959274292,2000.0,1.7276073350259034,,,1.7276073350259034,428.0,428.0,1540.8,1540.8,0.0,0.0,1134.0009024471108,351.3855,402.4495,0.2196,549.0,0.00491032893441302,12.275822336032551,0.0,0.0,0.0
3.0,8.969074964523315,2000.0,1.8497633637027184,,,1.849763363702718,452.0,436.0,1627.2,1569.6,0.0,0.0,1163.4970894672476,304.9565,353.991,0.2392,598.0,0.009738636726151936,24.34659181537984,0.0,0.0,0.0
