step,rollout_time,horizon,speed,speed_rl,speed_rl_std,speed_human,inflow,outflow,inflow_hourly,outflow_hourly,collisions,collisions_human,fuel,backlog_step,n_total_veh_step,raw_reward_mean,raw_reward_sum,reward_mean,reward_sum,n_veh_step_mean,n_veh_step_sum,n_veh_unique
1.0,9.964296102523804,2000.0,4.047121232150073,,,4.047121232150072,612.0,611.0,2203.2,2199.6,0.0,0.0,1754.104844544201,115.329,146.4365,0.3052,763.0,0.002724426149475208,6.81106537368802,0.0,0.0,0.0
2.0,6.305526971817017,2000.0,4.0489093390255055,,,4.0489093390255055,612.0,612.0,2203.2,2203.2,0.0,0.0,1818.8967447138177,115.3205,146.409,0.3056,764.0,0.000720387837445566,1.800969593613915,0.0,0.0,0.0
3.0,6.519963979721069,2000.0,4.0574233373303565,,,4.057423337330357,612.0,611.0,2203.2,2199.6,0.0,0.0,1824.4132536384377,116.357,147.3555,0.306,765.0,0.0007649619611466823,1.9124049028667058,0.0,0.0,0.0
