,rollout_time,horizon,speed,speed_rl,speed_rl_std,speed_human,inflow,outflow,inflow_hourly,outflow_hourly,collisions,fuel,backlog_step,n_total_veh_step,raw_reward_mean,raw_reward_sum,reward_mean,reward_sum,n_veh_step_mean,n_veh_step_sum,n_veh_unique
1,10.377,2000,1.7268,,,1.7268,428,428,1540.8,1540.8,0,1179,301.27,352.36,0.2144,536,-0.0010849,-2.7122,0,0,0
2,8.3051,2000,2.3685,,,2.3685,535,516,1926,1857.6,0,1176.6,160.04,205.32,0.2776,694,0.017899,44.748,0,0,0
3,11.974,2000,1.7275,,,1.7275,430,429,1548,1544.4,0,1155.5,250.85,301.94,0.2324,581,-0.002842,-7.105,0,0,0
4,11.609,2000,1.7284,,,1.7284,428,428,1540.8,1540.8,0,1152.4,298.68,349.76,0.2148,537,-0.0053624,-13.406,0,0,0
5,10.303,2000,1.7292,,,1.7292,427,429,1537.2,1544.4,0,1179.6,280.54,331.56,0.2216,554,0.005673,14.182,0,0,0
6,9.5789,2000,1.7743,,,1.7743,442,428,1591.2,1540.8,0,1144.5,252.84,302.96,0.2336,584,0.0060599,15.15,0,0,0
