step,rollout_time,horizon,speed,speed_rl,speed_rl_std,speed_human,inflow,outflow,inflow_hourly,outflow_hourly,collisions,collisions_human,fuel,backlog_step,n_total_veh_step,raw_reward_mean,raw_reward_sum,reward_mean,reward_sum,n_veh_step_mean,n_veh_step_sum,n_veh_unique
1.0,6.034184217453003,2000.0,7.692385936132056,,,7.692385936132057,776.0,778.0,2793.6,2800.8,0.0,0.0,2779.33321607011,0.0,20.8025,0.3888,972.0,0.005938890449847661,14.847226124619153,0.0,0.0,0.0
2.0,5.1904377937316895,2000.0,7.639052315505289,,,7.639052315505287,776.0,780.0,2793.6,2808.0,0.0,0.0,3096.9127629228806,0.0,20.98,0.39,975.0,0.0008441140734865748,2.110285183716437,0.0,0.0,0.0
3.0,5.0954389572143555,2000.0,7.650293015191606,,,7.650293015191606,776.0,778.0,2793.6,2800.8,0.0,0.0,2788.638937889422,0.0,20.9335,0.3888,972.0,-0.0003514218889289782,-0.8785547223224456,0.0,0.0,0.0
