step,rollout_time,horizon,speed,speed_rl,speed_rl_std,speed_human,inflow,outflow,inflow_hourly,outflow_hourly,collisions,collisions_human,fuel,backlog_step,n_total_veh_step,raw_reward_mean,raw_reward_sum,reward_mean,reward_sum,n_veh_step_mean,n_veh_step_sum,n_veh_unique
1.0,6.51961612701416,2000.0,6.259992253665699,,,6.259992253665699,772.0,775.0,2779.2,2790.0,0.0,0.0,2244.1965914170764,2.125,27.589,0.3836,959.0,0.0038713251043883835,9.67831276097096,0.0,0.0,0.0
2.0,5.464195966720581,2000.0,6.3000447122705845,,,6.3000447122705845,773.0,775.0,2782.8,2790.0,0.0,0.0,2510.526275415818,1.852,27.0825,0.3868,967.0,0.0013773744644797804,3.443436161199451,0.0,0.0,0.0
3.0,5.768594980239868,2000.0,6.241035801960816,,,6.241035801960816,776.0,777.0,2793.6,2797.2,0.0,0.0,2174.951533164969,0.007,25.6045,0.3852,963.0,0.0001274489273513586,0.3186223183783965,0.0,0.0,0.0
