step,rollout_time,horizon,speed,speed_rl,speed_rl_std,speed_human,inflow,outflow,inflow_hourly,outflow_hourly,collisions,collisions_human,fuel,backlog_step,n_total_veh_step,raw_reward_mean,raw_reward_sum,reward_mean,reward_sum,n_veh_step_mean,n_veh_step_sum,n_veh_unique
1.0,8.194946050643921,2000.0,4.045003187435664,,,4.045003187435665,612.0,611.0,2203.2,2199.6,0.0,0.0,1829.346308312272,181.87,213.005,0.3056,764.0,0.004353271305298517,10.883178263246293,0.0,0.0,0.0
2.0,6.55913233757019,2000.0,4.037570145768385,,,4.037570145768385,611.0,610.0,2199.6,2196.0,0.0,0.0,1765.4530747948286,181.8315,213.0195,0.3052,763.0,-0.00022436508356806363,-0.5609127089201591,0.0,0.0,0.0
3.0,7.438794851303101,2000.0,4.0406478871806275,,,4.040647887180628,612.0,610.0,2203.2,2196.0,0.0,0.0,1712.6213706625852,181.84,212.9615,0.3048,762.0,-0.0007205848187179542,-1.8014620467948856,0.0,0.0,0.0
