,rollout_time,horizon,speed,speed_rl,speed_rl_std,speed_human,inflow,outflow,inflow_hourly,outflow_hourly,collisions,fuel,backlog_step,n_total_veh_step,raw_reward_mean,raw_reward_sum,reward_mean,reward_sum,n_veh_step_mean,n_veh_step_sum,n_veh_unique
1,9.9013,2000,1.7339,,,1.7339,429,429,1544.4,1544.4,0,1154.9,234.84,285.74,0.2144,536,-0.00087164,-2.1791,0,0,0
2,10.22,2000,1.7351,,,1.7351,428,429,1540.8,1544.4,0,1155.2,231.13,282.01,0.2144,536,0.00017725,0.44313,0,0,0
3,7.4938,2000,3.8909,,,3.8909,693,674,2494.8,2426.4,0,1395.5,23.398,59.273,0.3448,862,0.034811,87.027,0,0,0
4,7.0975,2000,3.528,,,3.528,503,505,1810.8,1818,0,1726.9,200.43,229.85,0.2516,629,-2.4895e-05,-0.062237,0,0,0
5,7.4623,2000,3.4247,,,3.4247,490,490,1764,1764,0,1647.1,205.79,235.26,0.2472,618,-0.0042113,-10.528,0,0,0
6,6.608,2000,3.412,,,3.412,488,490,1756.8,1764,0,1756,214.98,244.49,0.244,610,-0.0040461,-10.115,0,0,0
