step,rollout_time,horizon,speed,speed_rl,speed_rl_std,speed_human,inflow,outflow,inflow_hourly,outflow_hourly,collisions,collisions_human,fuel,backlog_step,n_total_veh_step,raw_reward_mean,raw_reward_sum,reward_mean,reward_sum,n_veh_step_mean,n_veh_step_sum,n_veh_unique
1.0,7.194176197052002,2000.0,5.262717169691466,,,5.262717169691466,780.0,782.0,2808.0,2815.2,0.0,0.0,2438.685284716486,53.892,84.467,0.3908,977.0,0.004252553770430749,10.631384426076872,0.0,0.0,0.0
2.0,6.038749933242798,2000.0,5.275475483165678,,,5.275475483165677,779.0,781.0,2804.4,2811.6,0.0,0.0,2439.4893101956395,54.0425,84.5165,0.3908,977.0,0.00027544490912978655,0.6886122728244664,0.0,0.0,0.0
3.0,6.400911808013916,2000.0,5.269447873439519,,,5.2694478734395185,780.0,782.0,2808.0,2815.2,0.0,0.0,2440.8918845424473,52.744,83.286,0.3912,978.0,0.00030304347609200113,0.7576086902300028,0.0,0.0,0.0
