step,rollout_time,horizon,speed,speed_rl,speed_rl_std,speed_human,inflow,outflow,inflow_hourly,outflow_hourly,collisions,collisions_human,fuel,backlog_step,n_total_veh_step,raw_reward_mean,raw_reward_sum,reward_mean,reward_sum,n_veh_step_mean,n_veh_step_sum,n_veh_unique
1.0,11.135608196258545,2000.0,1.7293940877802654,,,1.7293940877802652,427.0,429.0,1537.2,1544.4,0.0,0.0,1178.3851177005665,299.7575,350.8055,0.2144,536.0,-0.0011883087491938286,-2.970771872984572,0.0,0.0,0.0
2.0,8.148688793182373,2000.0,1.7557185956938781,,,1.7557185956938781,439.0,429.0,1580.4,1544.4,0.0,0.0,1148.7188741395773,257.957,308.4555,0.2304,576.0,0.009483131120976254,23.707827802440633,0.0,0.0,0.0
3.0,8.79046106338501,2000.0,1.7280091158674498,,,1.7280091158674498,427.0,429.0,1537.2,1544.4,0.0,0.0,1177.2615360627779,299.112,350.158,0.2148,537.0,-0.002786050084195661,-6.965125210489152,0.0,0.0,0.0
