,rollout_time,horizon,speed,speed_rl,speed_rl_std,speed_human,inflow,outflow,inflow_hourly,outflow_hourly,collisions,fuel,backlog_step,n_total_veh_step,raw_reward_mean,raw_reward_sum,reward_mean,reward_sum,n_veh_step_mean,n_veh_step_sum,n_veh_unique
1,9.4962,2000,1.8833,,,1.8833,473,459,1702.8,1652.4,0,1166.2,256.04,306.45,0.258,645,-0.021419,-53.548,0,0,0
2,8.9995,2000,2.914,,,2.914,704,706,2534.4,2541.6,0,1540.7,154.4,204.29,0.3536,884,0.011508,28.77,0,0,0
3,7.8779,2000,2.7456,,,2.7456,601,589,2163.6,2120.4,0,1237.6,169.81,214.17,0.31,775,-0.00061022,-1.5255,0,0,0
4,10.617,2000,1.7273,,,1.7273,428,429,1540.8,1544.4,0,1151.8,364.07,415.19,0.2152,538,-0.0070491,-17.623,0,0,0
5,10.056,2000,1.7302,,,1.7302,431,428,1551.6,1540.8,0,1153.7,340.61,391.67,0.224,560,0.0051042,12.76,0,0,0
6,10.212,2000,1.7291,,,1.7291,428,428,1540.8,1540.8,0,1130.8,359.07,410.17,0.216,540,-0.0020935,-5.2337,0,0,0
