step,rollout_time,horizon,speed,speed_rl,speed_rl_std,speed_human,inflow,outflow,inflow_hourly,outflow_hourly,collisions,collisions_human,fuel,backlog_step,n_total_veh_step,raw_reward_mean,raw_reward_sum,reward_mean,reward_sum,n_veh_step_mean,n_veh_step_sum,n_veh_unique
1.0,7.994585037231445,2000.0,3.4314079292269595,,,3.4314079292269595,490.0,491.0,1764.0,1767.6,0.0,0.0,1649.5020463421608,146.411,175.851,0.2444,611.0,0.004674274515989332,11.68568628997333,0.0,0.0,0.0
2.0,7.042247295379639,2000.0,3.4445719092875136,,,3.4445719092875136,492.0,493.0,1771.2,1774.8,0.0,0.0,1711.171629324466,139.6485,169.097,0.2476,619.0,0.0018521405129001242,4.63035128225031,0.0,0.0,0.0
3.0,6.274456977844238,2000.0,3.5105187198867536,,,3.510518719886753,501.0,501.0,1803.6,1803.6,0.0,0.0,1723.6391598979355,138.809,168.2335,0.25,625.0,0.003904643625171316,9.76160906292829,0.0,0.0,0.0
