step,rollout_time,horizon,speed,speed_rl,speed_rl_std,speed_human,inflow,outflow,inflow_hourly,outflow_hourly,collisions,fuel,backlog_step,n_total_veh_step,raw_reward_mean,raw_reward_sum,reward_mean,reward_sum,n_veh_step_mean,n_veh_step_sum,n_veh_unique
1.0,13.02643370628357,2000.0,1.7301129016853458,,,1.7301129016853458,428.0,429.0,1540.8,1544.4,0.0,1153.8126164029343,225.588,276.56,0.216,540.0,-0.0050179414281222474,-12.54485357030562,0.0,0.0,0.0
2.0,10.280667304992676,2000.0,1.731271747295557,,,1.7312717472955572,429.0,429.0,1544.4,1544.4,0.0,1176.3403657656665,209.675,260.64250000000004,0.2236,559.0,0.004549158174852888,11.37289543713222,0.0,0.0,0.0
3.0,9.470802783966064,2000.0,1.7318506855262354,,,1.7318506855262357,429.0,429.0,1544.4,1544.4,0.0,1154.7813425330291,230.807,281.7815,0.2148,537.0,-0.0025673090984424467,-6.418272746106117,0.0,0.0,0.0
