step,rollout_time,horizon,speed,speed_rl,speed_rl_std,speed_human,inflow,outflow,inflow_hourly,outflow_hourly,collisions,collisions_human,fuel,backlog_step,n_total_veh_step,raw_reward_mean,raw_reward_sum,reward_mean,reward_sum,n_veh_step_mean,n_veh_step_sum,n_veh_unique
1.0,7.994002819061279,2000.0,5.275941472897527,,,5.275941472897528,862.0,866.0,3103.2,3117.6,0.0,0.0,2375.0470018680753,56.4065,90.15700000000001,0.4328,1082.0,0.0033835255429085975,8.458813857271494,0.0,0.0,0.0
2.0,7.048776865005493,2000.0,5.260226879531251,,,5.26022687953125,860.0,862.0,3096.0,3103.2,0.0,0.0,2231.9325188940084,58.2425,92.047,0.4304,1076.0,-0.0007243504666230342,-1.8108761665575854,0.0,0.0,0.0
3.0,7.000716209411621,2000.0,5.2522459315166055,,,5.252245931516607,863.0,866.0,3106.8,3117.6,0.0,0.0,2306.4993782222214,55.583,89.5075,0.432,1080.0,0.00039950011874754414,0.9987502968688604,0.0,0.0,0.0
