step,rollout_time,horizon,speed,speed_rl,speed_rl_std,speed_human,inflow,outflow,inflow_hourly,outflow_hourly,collisions,collisions_human,fuel,backlog_step,n_total_veh_step,raw_reward_mean,raw_reward_sum,reward_mean,reward_sum,n_veh_step_mean,n_veh_step_sum,n_veh_unique
1.0,10.096185207366943,2000.0,2.0808249610240845,,,2.0808249610240837,495.0,479.0,1782.0,1724.4,0.0,0.0,1189.4013291059146,323.236,370.9555,0.2612,653.0,-0.017988179871025828,-44.970449677564574,0.0,0.0,0.0
2.0,10.218767881393433,2000.0,1.926060736612253,,,1.9260607366122529,477.0,459.0,1717.2,1652.4,0.0,0.0,1179.898364324274,335.389,384.906,0.2544,636.0,-0.0022620626226779843,-5.65515655669496,0.0,0.0,0.0
3.0,9.08866000175476,2000.0,1.7238644881954241,,,1.7238644881954244,429.0,429.0,1544.4,1544.4,0.0,0.0,1179.968673309652,403.6635,454.86,0.2248,562.0,-0.006380832111077041,-15.952080277692602,0.0,0.0,0.0
