step,rollout_time,horizon,speed,speed_rl,speed_rl_std,speed_human,inflow,outflow,inflow_hourly,outflow_hourly,collisions,collisions_human,fuel,backlog_step,n_total_veh_step,raw_reward_mean,raw_reward_sum,reward_mean,reward_sum,n_veh_step_mean,n_veh_step_sum,n_veh_unique
1.0,8.896376609802246,2000.0,4.989721696281071,,,4.989721696281071,916.0,921.0,3297.6,3315.6,0.0,0.0,2429.9859408432662,17.6305,55.650000000000006,0.4564,1141.0,0.007298654153767127,18.246635384417818,0.0,0.0,0.0
2.0,7.5656187534332275,2000.0,4.9240910654675005,,,4.9240910654675005,916.0,920.0,3297.6,3312.0,0.0,0.0,2380.5105726161496,20.228,58.695,0.4552,1138.0,1.5141474093789142e-05,0.037853685234472856,0.0,0.0,0.0
3.0,9.317901849746704,2000.0,4.937566609935361,,,4.93756660993536,913.0,918.0,3286.8,3304.8,0.0,0.0,2434.8632061113863,20.436,58.7285,0.4544,1136.0,-0.0002289384227298056,-0.572346056824514,0.0,0.0,0.0
