step,rollout_time,horizon,speed,speed_rl,speed_rl_std,speed_human,inflow,outflow,inflow_hourly,outflow_hourly,collisions,collisions_human,fuel,backlog_step,n_total_veh_step,raw_reward_mean,raw_reward_sum,reward_mean,reward_sum,n_veh_step_mean,n_veh_step_sum,n_veh_unique
1.0,8.203519105911255,2000.0,5.983536695377796,,,5.983536695377795,694.0,693.0,2498.4,2494.8,0.0,0.0,2565.985664277489,0.0,23.8495,0.3456,864.0,0.0039801634192665305,9.950408548166326,0.0,0.0,0.0
2.0,7.31348991394043,2000.0,6.0597184646439475,,,6.059718464643947,694.0,692.0,2498.4,2491.2,0.0,0.0,2345.7985906860035,0.0005,23.5685,0.3448,862.0,-2.9853834675348166e-05,-0.07463458668837042,0.0,0.0,0.0
3.0,6.914011001586914,2000.0,6.030575488479,,,6.030575488479,694.0,693.0,2498.4,2494.8,0.0,0.0,2455.40759435784,0.0,23.7205,0.3448,862.0,5.188803641691813e-05,0.12972009104229532,0.0,0.0,0.0
