step,rollout_time,horizon,speed,speed_rl,speed_rl_std,speed_human,inflow,outflow,inflow_hourly,outflow_hourly,collisions,collisions_human,fuel,backlog_step,n_total_veh_step,raw_reward_mean,raw_reward_sum,reward_mean,reward_sum,n_veh_step_mean,n_veh_step_sum,n_veh_unique
1.0,6.11026406288147,2000.0,7.201290313526716,,,7.201290313526718,776.0,779.0,2793.6,2804.4,0.0,0.0,2685.3707028722165,0.0,22.226,0.388,970.0,0.0012583000533373618,3.1457501333434044,0.0,0.0,0.0
2.0,5.033206939697266,2000.0,7.215397697539884,,,7.215397697539883,776.0,778.0,2793.6,2800.8,0.0,0.0,2568.8746405538373,0.0,22.1955,0.3876,969.0,1.17225688464349e-05,0.02930642211608725,0.0,0.0,0.0
3.0,5.2664570808410645,2000.0,7.222629138525613,,,7.222629138525613,776.0,778.0,2793.6,2800.8,0.0,0.0,2552.8777335453547,0.0,22.1725,0.3872,968.0,-0.0002888969742757509,-0.7222424356893773,0.0,0.0,0.0
