step,rollout_time,horizon,speed,speed_rl,speed_rl_std,speed_human,inflow,outflow,inflow_hourly,outflow_hourly,collisions,collisions_human,fuel,backlog_step,n_total_veh_step,raw_reward_mean,raw_reward_sum,reward_mean,reward_sum,n_veh_step_mean,n_veh_step_sum,n_veh_unique
1.0,6.794195890426636,2000.0,6.611209379470195,,,6.611209379470195,860.0,863.0,3096.0,3106.8,0.0,0.0,2640.283399449059,0.0,26.8605,0.4292,1073.0,0.00818340248800008,20.458506220000203,0.0,0.0,0.0
2.0,6.034879922866821,2000.0,6.607058441633013,,,6.607058441633013,860.0,863.0,3096.0,3106.8,0.0,0.0,2630.156760250676,4.0,30.8855,0.4304,1076.0,0.0003550265381881337,0.8875663454703342,0.0,0.0,0.0
3.0,5.8413262367248535,2000.0,6.916758636112275,,,6.916758636112275,860.0,864.0,3096.0,3110.4,0.0,0.0,2658.1753360975104,3.0,28.649,0.43,1075.0,4.0853394557002254e-05,0.10213348639250563,0.0,0.0,0.0
