step,rollout_time,horizon,speed,speed_rl,speed_rl_std,speed_human,inflow,outflow,inflow_hourly,outflow_hourly,collisions,collisions_human,fuel,backlog_step,n_total_veh_step,raw_reward_mean,raw_reward_sum,reward_mean,reward_sum,n_veh_step_mean,n_veh_step_sum,n_veh_unique
1.0,9.167244911193848,2000.0,3.6836384806167515,,,3.683638480616752,834.0,834.0,3002.4,3002.4,0.0,0.0,1867.2352345546244,132.1725,178.7605,0.4164,1041.0,0.0036752660115305603,9.1881650288264,0.0,0.0,0.0
2.0,8.354382991790771,2000.0,3.6809377712720126,,,3.680937771272012,834.0,833.0,3002.4,2998.8,0.0,0.0,1820.3846996105876,132.172,178.80599999999998,0.416,1040.0,-0.00036428870651744046,-0.9107217662936011,0.0,0.0,0.0
3.0,8.1197350025177,2000.0,3.6791534203480096,,,3.679153420348009,834.0,834.0,3002.4,3002.4,0.0,0.0,1861.6349675796002,134.1705,180.81650000000002,0.4156,1039.0,-0.0004883618652817792,-1.2209046632044478,0.0,0.0,0.0
