step,rollout_time,horizon,speed,speed_rl,speed_rl_std,speed_human,inflow,outflow,inflow_hourly,outflow_hourly,collisions,collisions_human,fuel,backlog_step,n_total_veh_step,raw_reward_mean,raw_reward_sum,reward_mean,reward_sum,n_veh_step_mean,n_veh_step_sum,n_veh_unique
1.0,7.561178207397461,2000.0,3.486712324944995,,,3.486712324944995,498.0,499.0,1792.8,1796.4,0.0,0.0,1654.9236406163748,199.0795,228.5305,0.25,625.0,-0.0022376187222981317,-5.594046805745329,0.0,0.0,0.0
2.0,6.849622011184692,2000.0,3.4776698852674226,,,3.477669885267423,499.0,500.0,1796.4,1800.0,0.0,0.0,1656.4540730401786,204.5635,234.056,0.2488,622.0,-0.0005379229195994486,-1.3448072989986215,0.0,0.0,0.0
3.0,6.296964883804321,2000.0,3.4759869498239913,,,3.4759869498239917,496.0,496.0,1785.6,1785.6,0.0,0.0,1657.1449145191496,204.895,234.345,0.2488,622.0,-0.0004514979695093409,-1.1287449237733522,0.0,0.0,0.0
