,rollout_time,horizon,speed,speed_rl,speed_rl_std,speed_human,inflow,outflow,inflow_hourly,outflow_hourly,collisions,fuel,backlog_step,n_total_veh_step,raw_reward_mean,raw_reward_sum,reward_mean,reward_sum,n_veh_step_mean,n_veh_step_sum,n_veh_unique
1,9.2345,2000,4.148,,,4.148,704,704,2534.4,2534.4,0,1910.9,40.269,75.181,0.3516,879,-4.7365e-05,-0.11841,0,0,0
2,11.264,2000,1.7303,,,1.7303,428,428,1540.8,1540.8,0,1155.3,194.06,245.07,0.2288,572,-0.027943,-69.858,0,0,0
3,10.024,2000,1.7304,,,1.7304,429,429,1544.4,1544.4,0,1155.5,195.63,246.65,0.2284,571,-0.011172,-27.931,0,0,0
4,8.0728,2000,4.051,,,4.051,612,611,2203.2,2199.6,0,1755.8,115.41,146.44,0.306,765,-0.0042718,-10.679,0,0,0
5,6.9501,2000,4.0464,,,4.0464,612,610,2203.2,2196,0,1710.7,115.42,146.5,0.3052,763,-0.0010086,-2.5216,0,0,0
6,6.4134,2000,4.0395,,,4.0395,611,610,2199.6,2196,0,1760.4,115.95,147.01,0.3048,762,-0.00086608,-2.1652,0,0,0
