step,rollout_time,horizon,speed,speed_rl,speed_rl_std,speed_human,inflow,outflow,inflow_hourly,outflow_hourly,collisions,collisions_human,fuel,backlog_step,n_total_veh_step,raw_reward_mean,raw_reward_sum,reward_mean,reward_sum,n_veh_step_mean,n_veh_step_sum,n_veh_unique
1.0,8.962360143661499,2000.0,3.749101098384218,,,3.749101098384218,832.0,834.0,2995.2,3002.4,0.0,0.0,1931.2941681439784,70.42,116.186,0.4144,1036.0,0.009296599919797527,23.24149979949382,0.0,0.0,0.0
2.0,8.248876810073853,2000.0,3.7481315181788903,,,3.7481315181788917,832.0,835.0,2995.2,3006.0,0.0,0.0,1928.9907724022255,74.419,120.184,0.4136,1034.0,0.0001385437721141191,0.3463594302852977,0.0,0.0,0.0
3.0,8.19790005683899,2000.0,3.743275741318405,,,3.743275741318404,832.0,834.0,2995.2,3002.4,0.0,0.0,1924.1241928544835,70.4195,116.2305,0.4152,1038.0,0.0011279243296529642,2.8198108241324102,0.0,0.0,0.0
