,rollout_time,horizon,speed,speed_rl,speed_rl_std,speed_human,inflow,outflow,inflow_hourly,outflow_hourly,collisions,fuel,backlog_step,n_total_veh_step,raw_reward_mean,raw_reward_sum,reward_mean,reward_sum,n_veh_step_mean,n_veh_step_sum,n_veh_unique
1,9.4037,2000,2.1063,,,2.1063,487,451,1753.2,1623.6,0,1100.2,81.767,126.65,0.2504,626,-0.017529,-43.823,0,0,0
2,8.5493,2000,3.0105,,,3.0105,562,529,2023.2,1904.4,0,1078.4,34.038,70.641,0.2804,701,0.0030776,7.694,0,0,0
3,9.9791,2000,1.9174,,,1.9174,468,433,1684.8,1558.8,0,1138.8,97.038,144.37,0.2432,608,-0.004124,-10.31,0,0,0
4,7.0953,2000,3.4219,,,3.4219,487,489,1753.2,1760.4,0,1763.3,144.48,173.91,0.2448,612,-0.00093139,-2.3285,0,0,0
5,6.0934,2000,3.457,,,3.457,495,496,1782,1785.6,0,1709.9,137.53,167.01,0.2472,618,0.0013739,3.4348,0,0,0
6,6.1196,2000,3.4052,,,3.4052,487,487,1753.2,1753.2,0,1632.4,146.35,175.79,0.244,610,-0.0015979,-3.9947,0,0,0
