step,rollout_time,horizon,speed,speed_rl,speed_rl_std,speed_human,inflow,outflow,inflow_hourly,outflow_hourly,collisions,collisions_human,fuel,backlog_step,n_total_veh_step,raw_reward_mean,raw_reward_sum,reward_mean,reward_sum,n_veh_step_mean,n_veh_step_sum,n_veh_unique
1.0,7.733375072479248,2000.0,5.8697595367107045,,,5.869759536710704,860.0,861.0,3096.0,3099.6,0.0,0.0,2531.1886625374764,0.0,30.1825,0.4288,1072.0,0.00485073803386385,12.126845084659626,0.0,0.0,0.0
2.0,6.704399824142456,2000.0,5.792721447256378,,,5.792721447256379,860.0,859.0,3096.0,3092.4,0.0,0.0,2377.1818550275557,0.002,30.487,0.4284,1071.0,1.0413649554095005e-05,0.026034123885237515,0.0,0.0,0.0
3.0,6.240683078765869,2000.0,5.9631357311972675,,,5.963135731197268,860.0,861.0,3096.0,3099.6,0.0,0.0,2506.17583735862,1.0,30.7575,0.4284,1071.0,0.0001585923385065751,0.39648084626643776,0.0,0.0,0.0
