,rollout_time,horizon,speed,speed_rl,speed_rl_std,speed_human,inflow,outflow,inflow_hourly,outflow_hourly,collisions,fuel,backlog_step,n_total_veh_step,raw_reward_mean,raw_reward_sum,reward_mean,reward_sum,n_veh_step_mean,n_veh_step_sum,n_veh_unique
1,12.538,2000,2.3958,,,2.3958,591,590,2127.6,2124,0,1364.7,248.3,298.91,0.3064,766,-0.016684,-41.71,0,0,0
2,9.337,2000,2.5629,,,2.5629,626,625,2253.6,2250,0,1482.4,261.76,312,0.3212,803,0.0015037,3.7593,0,0,0
3,9.0597,2000,1.7488,,,1.7488,437,437,1573.2,1573.2,0,1164,355.96,407.18,0.244,610,-0.013205,-33.013,0,0,0
4,8.3242,2000,4.0765,,,4.0765,698,697,2512.8,2509.2,0,1794.5,244.72,279.95,0.3488,872,-5.9176e-05,-0.14794,0,0,0
5,8.3409,2000,3.8303,,,3.8303,690,672,2484,2419.2,0,1203.8,240.67,277.01,0.3404,851,-0.0078344,-19.586,0,0,0
6,8.0912,2000,4.0854,,,4.0854,701,700,2523.6,2520,0,1811.2,247.46,282.76,0.3484,871,0.001595,3.9874,0,0,0
