step,rollout_time,horizon,speed,speed_rl,speed_rl_std,speed_human,inflow,outflow,inflow_hourly,outflow_hourly,collisions,collisions_human,fuel,backlog_step,n_total_veh_step,raw_reward_mean,raw_reward_sum,reward_mean,reward_sum,n_veh_step_mean,n_veh_step_sum,n_veh_unique
1.0,8.254138231277466,2000.0,4.935378119928229,,,4.935378119928231,916.0,918.0,3297.6,3304.8,0.0,0.0,2304.983028203842,23.7585,62.042,0.4532,1133.0,0.009742867623489932,24.357169058724832,0.0,0.0,0.0
2.0,7.968264818191528,2000.0,4.851564867566324,,,4.851564867566326,919.0,920.0,3308.4,3312.0,0.0,0.0,2270.101941529862,22.67,61.693000000000005,0.4548,1137.0,0.0011502218343857641,2.8755545859644105,0.0,0.0,0.0
3.0,7.6145689487457275,2000.0,4.8088220076740615,,,4.8088220076740615,915.0,918.0,3294.0,3304.8,0.0,0.0,2340.4653004542015,22.268,61.5045,0.4528,1132.0,-4.0504854391479126e-05,-0.10126213597869782,0.0,0.0,0.0
