step,rollout_time,horizon,speed,speed_rl,speed_rl_std,speed_human,inflow,outflow,inflow_hourly,outflow_hourly,collisions,collisions_human,fuel,backlog_step,n_total_veh_step,raw_reward_mean,raw_reward_sum,reward_mean,reward_sum,n_veh_step_mean,n_veh_step_sum,n_veh_unique
1.0,7.545341968536377,2000.0,5.215713393332381,,,5.215713393332382,834.0,837.0,3002.4,3013.2,0.0,0.0,2330.99803508413,13.837,46.9015,0.416,1040.0,0.008802764515045603,22.006911287614006,0.0,0.0,0.0
2.0,6.451687812805176,2000.0,5.216594323294915,,,5.216594323294916,842.0,843.0,3031.2,3034.8,0.0,0.0,2271.6833633011647,9.943,43.1755,0.4196,1049.0,0.002743057887910098,6.857644719775245,0.0,0.0,0.0
3.0,6.712051868438721,2000.0,5.2536773450095104,,,5.2536773450095104,840.0,841.0,3024.0,3027.6,0.0,0.0,2191.6824895734194,13.389,46.341499999999996,0.4172,1043.0,0.00010330195061524545,0.25825487653811363,0.0,0.0,0.0
