step,rollout_time,horizon,speed,speed_rl,speed_rl_std,speed_human,inflow,outflow,inflow_hourly,outflow_hourly,collisions,collisions_human,fuel,backlog_step,n_total_veh_step,raw_reward_mean,raw_reward_sum,reward_mean,reward_sum,n_veh_step_mean,n_veh_step_sum,n_veh_unique
1.0,11.043582201004028,2000.0,4.704393909597912,,,4.704393909597913,925.0,926.0,3330.0,3333.6,0.0,0.0,2226.908732161621,75.949,116.5195,0.4596,1149.0,0.004111345040153921,10.278362600384801,0.0,0.0,0.0
2.0,8.350087881088257,2000.0,4.697944066264063,,,4.697944066264064,924.0,927.0,3326.4,3337.2,0.0,0.0,2267.7096624420124,76.9375,117.551,0.4592,1148.0,0.00026522866741282076,0.6630716685320519,0.0,0.0,0.0
3.0,8.193722009658813,2000.0,4.700981860111533,,,4.7009818601115345,921.0,925.0,3315.6,3330.0,0.0,0.0,2337.322363152912,79.9335,120.47049999999999,0.4584,1146.0,-8.92441456384109e-05,-0.22311036409602725,0.0,0.0,0.0
